timestamp_utc,instance_id,family,mode,seed,runner,status,n_vars,n_clauses,ps_width,ps_width_pv,ps_width_pvb,trie_num_ps_sets,time_parsing_ms,time_phase0_ms,time_phase1_ms,time_phase2_ms,time_phase3_ms,time_total_ms,elapsed_wallclock_ms,maxsat,sharpsat,dnnf_count_recomputed,dnnf_count_match,dnnf_nodes,dnnf_edges,dnnf_bound_7k3nm,exit_code,command,error_message,stderr_tail
2026-05-03T07:16:08.669175+00:00,type1_v20_c25,type1,greedy,0,dp,ok,20,24,12,12,6,191,0.065000,0.025000,0.083000,0.444000,0.303000,0.855000,15.226752,24,194320,194320,true,1097,959,532224,0,nice -n 19 ./sat_solver data/type1/type1_v20_c25.cnf greedy --json,,
2026-05-03T07:16:08.670854+00:00,type1_v20_c25_ordered,type1,linear,0,dp,ok,20,25,111,111,2,814,0.084000,0.016000,0.500000,0.505000,0.957000,1.979000,14.910788,25,561310,561310,true,2465,4032,430803765,0,nice -n 19 ./sat_solver data/type1/type1_v20_c25_ordered.cnf linear --json,,
2026-05-03T07:16:08.670961+00:00,type1_v20_c25,type1,linear,0,dp,ok,20,24,140,140,2,1104,0.092000,0.017000,0.806000,0.697000,1.385000,2.905000,17.180961,24,194320,194320,true,2935,2019,845152000,0,nice -n 19 ./sat_solver data/type1/type1_v20_c25.cnf linear --json,,
2026-05-03T07:16:08.671033+00:00,type1_v30_c40,type1,greedy,0,dp,ok,30,27,16,8,16,362,0.094000,0.053000,0.163000,0.891000,1.376000,2.483000,13.399665,27,218503168,218503168,true,4075,6127,1634304,0,nice -n 19 ./sat_solver data/type1/type1_v30_c40.cnf greedy --json,,
2026-05-03T07:16:08.671094+00:00,type1_v20_c25_ordered,type1,greedy,0,dp,ok,20,25,24,24,10,386,0.128000,0.033000,0.200000,0.770000,1.547000,2.551000,18.530050,25,561310,561310,true,4891,4577,4354560,0,nice -n 19 ./sat_solver data/type1/type1_v20_c25_ordered.cnf greedy --json,,
2026-05-03T07:16:08.678756+00:00,type1_v30_c40_ordered,type1,greedy,0,dp,ok,30,38,18,18,12,662,0.120000,0.057000,0.287000,1.372000,2.492000,4.208000,17.253631,38,263422857,263422857,true,5900,9356,2776032,0,nice -n 19 ./sat_solver data/type1/type1_v30_c40_ordered.cnf greedy --json,,
2026-05-03T07:16:08.686682+00:00,type1_v30_c40_ordered,type1,linear,0,dp,ok,30,38,217,217,2,1340,0.079000,0.022000,0.838000,0.602000,2.064000,3.527000,18.185255,38,263422857,263422857,true,4584,6966,4863916988,0,nice -n 19 ./sat_solver data/type1/type1_v30_c40_ordered.cnf linear --json,,
2026-05-03T07:16:08.686931+00:00,type1_v50_c60,type1,greedy,0,dp,ok,50,49,56,56,6,734,0.066000,0.067000,0.428000,1.049000,4.057000,5.601000,16.247437,46,0,0,true,145,0,121701888,0,nice -n 19 ./sat_solver data/type1/type1_v50_c60.cnf greedy --json,,
2026-05-03T07:16:08.687767+00:00,type1_v30_c40,type1,linear,0,dp,ok,30,27,558,558,2,2519,0.073000,0.022000,2.303000,1.263000,4.939000,8.527000,25.840456,27,218503168,218503168,true,9936,16850,69322703688,0,nice -n 19 ./sat_solver data/type1/type1_v30_c40.cnf linear --json,,
2026-05-03T07:16:08.691011+00:00,type2_v25_c100_t4,type2,greedy,0,dp,ok,25,100,14,14,4,692,0.119000,0.145000,1.038000,1.005000,1.156000,3.344000,15.755689,99,0,0,true,80,0,2401000,0,nice -n 19 ./sat_solver data/type2/type2_v25_c100_t4.cnf greedy --json,,
2026-05-03T07:16:08.694572+00:00,type2_v25_c100_t3_ordered,type2,greedy,0,dp,ok,25,88,28,28,3,845,0.084000,0.104000,0.866000,0.960000,1.342000,3.272000,17.726918,85,0,0,true,71,0,17364032,0,nice -n 19 ./sat_solver data/type2/type2_v25_c100_t3_ordered.cnf greedy --json,,
2026-05-03T07:16:08.695780+00:00,type1_v50_c60_ordered,type1,greedy,0,dp,ok,50,57,30,18,30,996,0.084000,0.079000,0.513000,2.524000,6.472000,9.588000,23.246568,57,158597616286976,158597616286976,true,11633,15038,20223000,0,nice -n 19 ./sat_solver data/type1/type1_v50_c60_ordered.cnf greedy --json,,
2026-05-03T07:16:08.695894+00:00,type1_v50_c60_ordered,type1,linear,0,dp,ok,50,57,448,448,2,2987,0.098000,0.051000,2.795000,1.563000,6.180000,10.588000,24.946044,57,158597616286976,158597616286976,true,9909,13709,67346628608,0,nice -n 19 ./sat_solver data/type1/type1_v50_c60_ordered.cnf linear --json,,
2026-05-03T07:16:08.697947+00:00,type2_v25_c100_t3_ordered,type2,linear,0,dp,ok,25,88,99,99,2,2360,0.100000,0.050000,2.368000,1.361000,3.518000,7.297000,22.487338,85,0,0,true,2707,0,767506509,0,nice -n 19 ./sat_solver data/type2/type2_v25_c100_t3_ordered.cnf linear --json,,
2026-05-03T07:16:08.699912+00:00,type2_v25_c100_t3,type2,greedy,0,dp,ok,25,100,26,26,8,1036,0.115000,0.123000,1.169000,2.269000,3.420000,6.981000,23.829577,98,0,0,true,137,0,15379000,0,nice -n 19 ./sat_solver data/type2/type2_v25_c100_t3.cnf greedy --json,,
2026-05-03T07:16:08.709133+00:00,type1_v80_c100,type1,greedy,0,dp,ok,80,93,32,32,14,1416,0.138000,0.233000,1.795000,4.355000,11.964000,18.347000,37.752640,91,0,0,true,14884,0,39682048,0,nice -n 19 ./sat_solver data/type1/type1_v80_c100.cnf greedy --json,,
2026-05-03T07:16:08.709994+00:00,type3_n30_t3_s2_ordered,type3,greedy,0,dp,ok,30,60,6,6,3,333,0.088000,0.065000,0.532000,0.868000,0.687000,2.152000,17.838880,60,32768,32768,true,930,919,136080,0,nice -n 19 ./sat_solver data/type3/type3_n30_t3_s2_ordered.cnf greedy --json,,
2026-05-03T07:16:08.710085+00:00,type3_n30_t3_s2,type3,greedy,0,dp,ok,30,60,8,8,6,391,0.092000,0.081000,0.305000,0.877000,1.213000,2.476000,18.549610,60,32768,32768,true,1391,1338,322560,0,nice -n 19 ./sat_solver data/type3/type3_n30_t3_s2.cnf greedy --json,,
2026-05-03T07:16:08.711429+00:00,type3_n30_t3_s2_ordered,type3,linear,0,dp,ok,30,60,12,12,2,674,0.091000,0.038000,0.632000,0.697000,0.806000,2.173000,17.265692,60,32768,32768,true,1067,888,1088640,0,nice -n 19 ./sat_solver data/type3/type3_n30_t3_s2_ordered.cnf linear --json,,
2026-05-03T07:16:08.714060+00:00,type3_n60_t3_s2_ordered,type3,greedy,0,dp,ok,60,120,6,6,3,678,0.085000,0.143000,0.834000,1.262000,2.018000,4.258000,20.022241,120,1073741824,1073741824,true,1920,1909,272160,0,nice -n 19 ./sat_solver data/type3/type3_n60_t3_s2_ordered.cnf greedy --json,,
2026-05-03T07:16:08.714528+00:00,type3_n60_t3_s2_ordered,type3,linear,0,dp,ok,60,120,12,12,2,1394,0.086000,0.061000,1.470000,1.207000,2.338000,5.076000,21.063857,120,1073741824,1073741824,true,2207,1848,2177280,0,nice -n 19 ./sat_solver data/type3/type3_n60_t3_s2_ordered.cnf linear --json,,
2026-05-03T07:16:08.715076+00:00,type3_n60_t3_s2,type3,greedy,0,dp,ok,60,120,6,6,6,739,0.106000,0.269000,1.098000,1.977000,3.180000,6.524000,23.883248,120,1073741824,1073741824,true,2358,2357,272160,0,nice -n 19 ./sat_solver data/type3/type3_n60_t3_s2.cnf greedy --json,,
2026-05-03T07:16:08.723683+00:00,type2_v25_c100_t4_ordered,type2,greedy,0,dp,ok,25,100,184,184,4,5521,0.111000,0.109000,9.059000,4.380000,10.268000,23.816000,42.453978,100,41896,41896,true,2692,2128,5450816000,0,nice -n 19 ./sat_solver data/type2/type2_v25_c100_t4_ordered.cnf greedy --json,,
2026-05-03T07:16:08.723814+00:00,type3_n100_t3_s2_ordered,type3,greedy,0,dp,ok,100,200,6,6,3,1138,0.099000,0.277000,2.223000,3.075000,5.148000,10.723000,24.609739,200,1125899906842624,1125899906842624,true,3240,3229,453600,0,nice -n 19 ./sat_solver data/type3/type3_n100_t3_s2_ordered.cnf greedy --json,,
2026-05-03T07:16:08.724747+00:00,type3_n100_t3_s2_ordered,type3,linear,0,dp,ok,100,200,12,12,2,2354,0.099000,0.122000,3.598000,2.611000,5.940000,12.271000,26.401655,200,1125899906842624,1125899906842624,true,3727,3128,3628800,0,nice -n 19 ./sat_solver data/type3/type3_n100_t3_s2_ordered.cnf linear --json,,
2026-05-03T07:16:08.725197+00:00,type2_v50_c200_t3_ordered,type2,greedy,0,dp,ok,50,176,256,256,3,4992,0.123000,0.256000,8.537000,6.746000,16.019000,31.557000,46.816002,172,0,0,true,244,0,26541555712,0,nice -n 19 ./sat_solver data/type2/type2_v50_c200_t3_ordered.cnf greedy --json,,
2026-05-03T07:16:08.728826+00:00,type3_n100_t3_s2,type3,greedy,0,dp,ok,100,200,8,8,6,1352,0.102000,0.389000,2.132000,5.562000,9.697000,17.780000,32.560834,200,1125899906842624,1125899906842624,true,4849,4832,1075200,0,nice -n 19 ./sat_solver data/type3/type3_n100_t3_s2.cnf greedy --json,,
2026-05-03T07:16:08.729351+00:00,type2_v50_c200_t3_ordered,type2,linear,0,dp,ok,50,176,224,224,2,8137,0.112000,0.126000,12.573000,6.246000,17.364000,36.309000,50.277572,172,0,0,true,3533,0,17780768768,0,nice -n 19 ./sat_solver data/type2/type2_v50_c200_t3_ordered.cnf linear --json,,
2026-05-03T07:16:08.735699+00:00,type1_v80_c100_ordered,type1,linear,0,dp,ok,80,99,442,442,2,9642,0.107000,0.074000,13.412000,6.807000,30.944000,51.237000,65.641576,99,overflow,overflow,true,24987,42232,108197662664,0,nice -n 19 ./sat_solver data/type1/type1_v80_c100_ordered.cnf linear --json,,
2026-05-03T07:16:08.759105+00:00,type3_n200_t3_s2_ordered,type3,greedy,0,dp,ok,200,400,6,6,3,2288,0.143000,0.911000,7.546000,9.860000,23.365000,41.682000,57.433796,400,overflow,overflow,true,6540,6529,907200,0,nice -n 19 ./sat_solver data/type3/type3_n200_t3_s2_ordered.cnf greedy --json,,
2026-05-03T07:16:08.774465+00:00,type3_n200_t3_s2_ordered,type3,linear,0,dp,ok,200,400,12,12,2,4754,0.138000,0.407000,13.086000,8.847000,23.445000,45.785000,58.979519,400,overflow,overflow,true,7527,6328,7257600,0,nice -n 19 ./sat_solver data/type3/type3_n200_t3_s2_ordered.cnf linear --json,,
2026-05-03T07:16:08.788455+00:00,type3_n200_t3_s2,type3,greedy,0,dp,ok,200,400,8,8,6,2669,0.202000,1.756000,10.270000,20.130000,40.256000,72.411000,89.843498,400,overflow,overflow,true,9393,9397,2150400,0,nice -n 19 ./sat_solver data/type3/type3_n200_t3_s2.cnf greedy --json,,
2026-05-03T07:16:08.789971+00:00,type2_v25_c100_t4_ordered,type2,linear,0,dp,ok,25,100,1200,1200,2,29870,0.083000,0.054000,30.364000,13.730000,46.402000,90.550000,112.790673,100,41896,41896,true,29873,7065,1512000000000,0,nice -n 19 ./sat_solver data/type2/type2_v25_c100_t4_ordered.cnf linear --json,,
2026-05-03T07:16:08.794402+00:00,type2_v50_c200_t4_ordered,type2,greedy,0,dp,ok,50,200,456,456,4,12615,0.114000,0.346000,21.775000,19.434000,54.675000,96.230000,114.701660,200,16290859008,16290859008,true,14604,12615,165932928000,0,nice -n 19 ./sat_solver data/type2/type2_v50_c200_t4_ordered.cnf greedy --json,,
2026-05-03T07:16:08.801099+00:00,type1_v200_c250_ordered,type1,linear,0,dp,ok,200,185,687,687,2,12703,0.276000,0.297000,32.428000,14.486000,61.427000,108.638000,127.048820,184,overflow,0,false,33008,0,873834084585,0,nice -n 19 ./sat_solver data/type1/type1_v200_c250_ordered.cnf linear --json,,
2026-05-03T07:16:08.805084+00:00,type2_v50_c200_t4,type2,greedy,0,dp,ok,50,180,147,147,32,6720,0.130000,0.334000,11.418000,30.376000,64.533000,106.661000,122.432823,180,11041505280,11041505280,true,6156,1741,5114202030,0,nice -n 19 ./sat_solver data/type2/type2_v50_c200_t4.cnf greedy --json,,
2026-05-03T07:16:08.831864+00:00,type2_v100_c400_t4,type2,greedy,0,dp,ok,100,400,140,140,12,7531,0.187000,1.000000,24.325000,30.715000,71.954000,127.993000,147.756422,400,overflow,overflow,true,12098,5995,9604000000,0,nice -n 19 ./sat_solver data/type2/type2_v100_c400_t4.cnf greedy --json,,
2026-05-03T07:16:08.846257+00:00,type3_n60_t5_s3_ordered,type3,greedy,0,dp,ok,60,320,60,60,3,11884,0.127000,0.326000,24.588000,21.062000,62.385000,108.362000,123.851654,320,1099511627776,1099511627776,true,20604,15765,574560000,0,nice -n 19 ./sat_solver data/type3/type3_n60_t5_s3_ordered.cnf greedy --json,,
2026-05-03T07:16:08.847454+00:00,type2_v100_c400_t3_ordered,type2,greedy,0,dp,ok,100,400,240,240,3,12596,0.223000,0.986000,34.579000,29.891000,79.147000,144.602000,165.168495,391,0,0,true,323,0,48384000000,0,nice -n 19 ./sat_solver data/type2/type2_v100_c400_t3_ordered.cnf greedy --json,,
2026-05-03T07:16:08.859812+00:00,type3_n60_t5_s3_ordered,type3,linear,0,dp,ok,60,320,80,80,2,16243,0.139000,0.156000,28.246000,19.154000,67.946000,115.502000,133.580295,320,1099511627776,1099511627776,true,21251,13700,1361920000,0,nice -n 19 ./sat_solver data/type3/type3_n60_t5_s3_ordered.cnf linear --json,,
2026-05-03T07:16:08.882967+00:00,type2_v25_c100_t3,type2,linear,0,dp,ok,25,100,1792,1792,2,63153,0.089000,0.077000,62.460000,24.690000,94.068000,181.296000,205.252569,98,0,0,true,11666,0,5035261952000,0,nice -n 19 ./sat_solver data/type2/type2_v25_c100_t3.cnf linear --json,,
2026-05-03T07:16:08.888565+00:00,type2_v100_c400_t4_ordered,type2,greedy,0,dp,ok,100,400,184,184,4,13426,0.197000,1.006000,49.011000,37.121000,94.791000,181.929000,204.208904,400,74649816583372800,74649816583372800,true,5069,2589,21803264000,0,nice -n 19 ./sat_solver data/type2/type2_v100_c400_t4_ordered.cnf greedy --json,,
2026-05-03T07:16:08.896922+00:00,random_k3_v7_c50,random,greedy,0,dp,ok,7,50,60,60,16,1568,0.100000,0.041000,1.160000,1.370000,2.145000,4.715000,15.815900,47,0,0,true,581,0,86184000,0,nice -n 19 ./sat_solver data/random/random_k3_v7_c50.cnf greedy --json,,
2026-05-03T07:16:08.904943+00:00,random_k3_v7_c50,random,linear,0,dp,ok,7,50,69,69,2,1742,0.096000,0.026000,1.217000,0.821000,1.436000,3.500000,14.832936,47,0,0,true,359,0,131075091,0,nice -n 19 ./sat_solver data/random/random_k3_v7_c50.cnf linear --json,,
2026-05-03T07:16:08.911332+00:00,random_k3_v8_c20,random,greedy,0,dp,ok,8,20,32,28,32,307,0.063000,0.018000,0.120000,0.699000,0.783000,1.619000,13.243463,20,23,23,true,1538,579,6422528,0,nice -n 19 ./sat_solver data/random/random_k3_v8_c20.cnf greedy --json,,
2026-05-03T07:16:08.921850+00:00,random_k3_v8_c20,random,linear,0,dp,ok,8,20,73,73,2,716,0.070000,0.011000,0.332000,0.535000,0.424000,1.302000,12.248498,20,23,23,true,663,364,76247332,0,nice -n 19 ./sat_solver data/random/random_k3_v8_c20.cnf linear --json,,
2026-05-03T07:16:08.932002+00:00,random_k3_v8_c50,random,greedy,0,dp,ok,8,50,113,113,16,2211,0.061000,0.040000,1.188000,2.453000,4.112000,7.793000,19.896600,49,0,0,true,1102,0,585816182,0,nice -n 19 ./sat_solver data/random/random_k3_v8_c50.cnf greedy --json,,
2026-05-03T07:16:08.943404+00:00,random_k3_v8_c50,random,linear,0,dp,ok,8,50,117,117,2,2662,0.082000,0.023000,1.599000,1.089000,2.004000,4.715000,23.781086,49,0,0,true,287,0,650254878,0,nice -n 19 ./sat_solver data/random/random_k3_v8_c50.cnf linear --json,,
2026-05-03T07:16:08.949403+00:00,type3_n60_t5_s3,type3,greedy,0,dp,ok,60,320,64,64,12,12216,0.162000,0.494000,32.201000,48.867000,125.832000,207.395000,229.197258,320,1099511627776,1099511627776,true,44343,26542,697303040,0,nice -n 19 ./sat_solver data/type3/type3_n60_t5_s3.cnf greedy --json,,
2026-05-03T07:16:08.955193+00:00,random_k3_v9_c50,random,greedy,0,dp,ok,9,50,128,128,32,2653,0.067000,0.042000,1.483000,4.194000,7.376000,13.095000,21.902140,50,1,1,true,2635,74,866123776,0,nice -n 19 ./sat_solver data/random/random_k3_v9_c50.cnf greedy --json,,
2026-05-03T07:16:08.970937+00:00,random_k3_v9_c50,random,linear,0,dp,ok,9,50,179,179,2,4236,0.083000,0.033000,2.604000,1.509000,3.514000,7.661000,23.276869,50,1,1,true,936,74,2368695007,0,nice -n 19 ./sat_solver data/random/random_k3_v9_c50.cnf linear --json,,
2026-05-03T07:16:08.979557+00:00,random_k3_v10_c50,random,linear,0,dp,ok,10,50,458,458,2,6024,0.073000,0.026000,3.972000,2.077000,4.994000,11.069000,23.660034,50,2,2,true,1163,133,40350203040,0,nice -n 19 ./sat_solver data/random/random_k3_v10_c50.cnf linear --json,,
2026-05-03T07:16:09.003647+00:00,random_k3_v10_c50,random,greedy,0,dp,ok,10,50,294,294,24,5011,0.081000,0.064000,6.943000,5.734000,19.206000,31.948000,50.597377,50,2,2,true,5197,142,10673117280,0,nice -n 19 ./sat_solver data/random/random_k3_v10_c50.cnf greedy --json,,
2026-05-03T07:16:09.009650+00:00,type3_n90_t5_s3_ordered,type3,greedy,0,dp,ok,90,480,60,60,3,18224,0.225000,0.993000,56.166000,47.583000,147.402000,252.144000,272.938525,480,1152921504606846976,1152921504606846976,true,31664,24245,861840000,0,nice -n 19 ./sat_solver data/type3/type3_n90_t5_s3_ordered.cnf greedy --json,,
2026-05-03T07:16:09.010488+00:00,random_k3_v11_c50,random,linear,0,dp,ok,11,50,664,664,2,10816,0.075000,0.026000,6.357000,3.226000,9.063000,18.672000,30.012407,48,0,0,true,925,0,125006361088,0,nice -n 19 ./sat_solver data/random/random_k3_v11_c50.cnf linear --json,,
2026-05-03T07:16:09.025058+00:00,type2_v100_c400_t3,type2,greedy,0,dp,ok,100,332,128,128,24,8014,0.201000,0.923000,20.479000,89.670000,205.740000,316.812000,341.454413,324,0,0,true,283,0,6341787648,0,nice -n 19 ./sat_solver data/type2/type2_v100_c400_t3.cnf greedy --json,,
2026-05-03T07:16:09.052505+00:00,random_k3_v11_c50,random,greedy,0,dp,ok,11,50,466,466,32,5976,0.079000,0.048000,10.601000,21.411000,33.622000,65.683000,83.163671,48,0,0,true,2426,0,43210135192,0,nice -n 19 ./sat_solver data/random/random_k3_v11_c50.cnf greedy --json,,
2026-05-03T07:16:09.071460+00:00,random_k3_v12_c50,random,greedy,0,dp,ok,12,50,415,415,64,5548,0.081000,0.050000,3.124000,17.462000,33.970000,54.607000,66.037052,50,12,12,true,4738,620,31019444750,0,nice -n 19 ./sat_solver data/random/random_k3_v12_c50.cnf greedy --json,,
2026-05-03T07:16:09.087028+00:00,random_k3_v12_c50,random,linear,0,dp,ok,12,50,812,812,2,17167,0.104000,0.025000,14.558000,8.322000,25.076000,47.980000,75.634901,50,12,12,true,4084,558,232358100352,0,nice -n 19 ./sat_solver data/random/random_k3_v12_c50.cnf linear --json,,
2026-05-03T07:16:09.105082+00:00,type3_n90_t5_s3_ordered,type3,linear,0,dp,ok,90,480,80,80,2,24943,0.227000,0.411000,70.117000,48.893000,192.375000,311.796000,343.427791,480,1152921504606846976,1152921504606846976,true,32671,21060,2042880000,0,nice -n 19 ./sat_solver data/type3/type3_n90_t5_s3_ordered.cnf linear --json,,
2026-05-03T07:16:09.114696+00:00,type2_v50_c200_t3,type2,greedy,0,dp,ok,50,200,384,384,64,11451,0.119000,0.384000,22.365000,125.560000,272.337000,420.647000,438.492726,195,0,0,true,456,0,99090432000,0,nice -n 19 ./sat_solver data/type2/type2_v50_c200_t3.cnf greedy --json,,
2026-05-03T07:16:09.221705+00:00,type2_v25_c100_t4,type2,linear,0,dp,ok,25,100,6256,6256,2,154611,0.106000,0.056000,156.328000,73.446000,254.074000,483.904000,541.988653,99,0,0,true,130611,0,214238872064000,0,nice -n 19 ./sat_solver data/type2/type2_v25_c100_t4.cnf linear --json,,
2026-05-03T07:16:09.222215+00:00,type2_v200_c800_t3_ordered,type2,greedy,0,dp,ok,200,800,256,256,3,17923,0.309000,3.406000,125.349000,102.361000,269.249000,500.365000,533.910186,780,0,0,true,619,0,117440512000,0,nice -n 19 ./sat_solver data/type2/type2_v200_c800_t3_ordered.cnf greedy --json,,
2026-05-03T07:16:09.237063+00:00,random_k3_v15_c64_difficile,random,linear,0,dp,ok,15,64,4448,4448,2,85494,0.106000,0.033000,65.071000,28.564000,85.614000,179.281000,207.785136,64,5,5,true,7194,253,48665306955776,0,nice -n 19 ./sat_solver data/random/random_k3_v15_c64_difficile.cnf linear --json,,
2026-05-03T07:16:09.252069+00:00,type3_n120_t5_s3_ordered,type3,greedy,0,dp,ok,120,640,60,60,3,24564,0.317000,1.726000,94.039000,85.024000,249.724000,430.513000,460.278173,640,overflow,overflow,true,42724,32725,1149120000,0,nice -n 19 ./sat_solver data/type3/type3_n120_t5_s3_ordered.cnf greedy --json,,
2026-05-03T07:16:09.381199+00:00,type1_v150_c180_ordered,type1,linear,0,dp,ok,150,179,9007,9007,2,87717,0.276000,0.251000,197.726000,77.069000,400.502000,675.549000,708.601140,177,0,0,true,316,0,1682807450658929,0,nice -n 19 ./sat_solver data/type1/type1_v150_c180_ordered.cnf linear --json,,
2026-05-03T07:16:09.385478+00:00,type3_n90_t5_s3,type3,greedy,0,dp,ok,90,480,64,64,12,19050,0.248000,1.305000,78.037000,156.067000,389.827000,625.236000,657.894182,480,1152921504606846976,1152921504606846976,true,90576,51815,1045954560,0,nice -n 19 ./sat_solver data/type3/type3_n90_t5_s3.cnf greedy --json,,
2026-05-03T07:16:09.418282+00:00,random_k3_v15_c64_difficile,random,greedy,0,dp,ok,15,64,1204,1204,256,18467,0.091000,0.096000,11.869000,123.507000,245.174000,380.646000,400.547783,64,5,5,true,18004,401,965171728192,0,nice -n 19 ./sat_solver data/random/random_k3_v15_c64_difficile.cnf greedy --json,,
2026-05-03T07:16:09.447145+00:00,type3_n120_t5_s3_ordered,type3,linear,0,dp,ok,120,640,80,80,2,33643,0.333000,0.682000,182.906000,144.589000,279.580000,607.756000,647.534250,640,overflow,overflow,true,44091,28420,2723840000,0,nice -n 19 ./sat_solver data/type3/type3_n120_t5_s3_ordered.cnf linear --json,,
2026-05-03T07:16:09.649531+00:00,type3_n150_t5_s3_ordered,type3,greedy,0,dp,ok,150,800,60,60,3,30904,0.410000,2.857000,206.048000,166.966000,398.391000,774.262000,810.487763,800,overflow,overflow,true,53784,41205,1436400000,0,nice -n 19 ./sat_solver data/type3/type3_n150_t5_s3_ordered.cnf greedy --json,,
2026-05-03T07:16:09.714116+00:00,type3_n150_t5_s3_ordered,type3,linear,0,dp,ok,150,800,80,80,2,42343,0.379000,1.000000,253.004000,138.835000,432.093000,824.933000,866.128824,800,overflow,overflow,true,55511,35780,3404800000,0,nice -n 19 ./sat_solver data/type3/type3_n150_t5_s3_ordered.cnf linear --json,,
2026-05-03T07:16:09.826329+00:00,type3_n120_t5_s3,type3,greedy,0,dp,ok,120,640,64,64,12,25568,0.335000,2.427000,133.250000,264.638000,604.938000,1005.253000,1056.616368,640,overflow,overflow,true,112400,66287,1394606080,0,nice -n 19 ./sat_solver data/type3/type3_n120_t5_s3.cnf greedy --json,,
2026-05-03T07:16:09.832880+00:00,type1_v80_c100_ordered,type1,greedy,0,dp,ok,80,99,532,532,240,12661,0.171000,0.249000,14.232000,216.475000,748.945000,979.901000,1161.587907,99,overflow,overflow,true,963580,971476,188662666304,0,nice -n 19 ./sat_solver data/type1/type1_v80_c100_ordered.cnf greedy --json,,
2026-05-03T07:16:09.880005+00:00,type3_n30_t3_s2,type3,linear,0,dp,ok,30,60,49152,49152,2,389612,0.092000,0.040000,304.168000,132.335000,594.309000,1030.852000,1186.480619,60,32768,32768,true,750889,195972,74810771153879040,0,nice -n 19 ./sat_solver data/type3/type3_n30_t3_s2.cnf linear --json,,
2026-05-03T07:16:10.051896+00:00,type1_v50_c60,type1,linear,0,dp,ok,50,49,50500,50500,2,318228,0.085000,0.030000,413.170000,189.993000,692.159000,1295.352000,1379.970117,46,0,0,true,675,0,89249824125000000,0,nice -n 19 ./sat_solver data/type1/type1_v50_c60.cnf linear --json,,
2026-05-03T07:16:10.241190+00:00,type3_n150_t5_s3,type3,greedy,0,dp,ok,150,800,60,60,12,31812,0.427000,3.342000,204.263000,331.144000,838.079000,1376.827000,1439.342142,800,overflow,overflow,true,113420,72978,1436400000,0,nice -n 19 ./sat_solver data/type3/type3_n150_t5_s3.cnf greedy --json,,
2026-05-03T07:16:10.540686+00:00,type3_n1000_t3_s2,type3,greedy,0,dp,ok,1000,2000,8,8,6,13657,0.766000,29.914000,213.684000,524.757000,1006.638000,1774.993000,1829.988071,2000,overflow,overflow,true,49405,49808,10752000,0,nice -n 19 ./sat_solver data/type3/type3_n1000_t3_s2.cnf greedy --json,,
2026-05-03T07:16:14.335523+00:00,random_k3_v20_c85_difficile,random,linear,0,dp,ok,20,85,70130,70130,2,1895106,0.083000,0.044000,1584.458000,762.694000,2653.102000,5000.297000,5263.373319,85,47,47,true,47591,3318,253512195129795000,0,nice -n 19 ./sat_solver data/random/random_k3_v20_c85_difficile.cnf linear --json,,
2026-05-03T07:16:18.350348+00:00,random_k3_v20_c85_difficile,random,greedy,0,dp,ok,20,85,16400,16400,1152,348536,0.084000,0.100000,318.302000,2884.811000,6007.373000,9210.586000,9296.957979,85,47,47,true,165695,3391,3242043840000000,0,nice -n 19 ./sat_solver data/random/random_k3_v20_c85_difficile.cnf greedy --json,,
2026-05-03T07:16:19.392903+00:00,random_k3_v30_c60_difficile,random,linear,0,dp,ok,30,60,313810,313810,2,4049403,0.094000,0.040000,3069.671000,1420.700000,5138.334000,9628.744000,10287.240278,60,333580,333580,true,1354987,335507,overflow,0,nice -n 19 ./sat_solver data/random/random_k3_v30_c60_difficile.cnf linear --json,,
2026-05-03T07:16:20.264011+00:00,type2_v50_c200_t4_ordered,type2,linear,0,dp,ok,50,200,131904,131904,2,2068427,0.152000,0.133000,2883.994000,1752.792000,6430.667000,11067.586000,11583.987442,200,16290859008,16290859008,true,1938576,443117,4016168689139712000,0,nice -n 19 ./sat_solver data/type2/type2_v50_c200_t4_ordered.cnf linear --json,,
2026-05-03T07:16:22.140328+00:00,type1_v150_c180_ordered,type1,greedy,0,dp,ok,150,179,1800,110,1800,72523,0.269000,0.662000,17.769000,3775.503000,9641.014000,13434.949000,13468.641296,177,0,0,true,553,0,13431096000000,0,nice -n 19 ./sat_solver data/type1/type1_v150_c180_ordered.cnf greedy --json,,
2026-05-03T07:16:22.508500+00:00,random_k4_v20_c50,random,linear,0,dp,ok,20,50,8670,8670,2,167948,0.084000,0.028000,93.478000,43.448000,178.421000,315.375000,363.796907,50,39644,39644,true,182347,108897,319340037870000,0,nice -n 19 ./sat_solver data/random/random_k4_v20_c50.cnf linear --json,,
2026-05-03T07:16:25.166900+00:00,type2_v100_c400_t3_ordered,type2,linear,0,dp,ok,100,400,147456,147456,2,1483599,0.175000,0.395000,4311.642000,2668.303000,9130.708000,16111.048000,16481.551057,391,0,0,true,293,0,overflow,0,nice -n 19 ./sat_solver data/type2/type2_v100_c400_t3_ordered.cnf linear --json,,
2026-05-03T07:16:27.900355+00:00,random_k4_v20_c50,random,greedy,0,dp,ok,20,50,3268,3268,576,43204,0.069000,0.045000,19.383000,2226.503000,4930.556000,7176.488000,7634.374605,50,39644,39644,true,3508743,973724,17101815767680,0,nice -n 19 ./sat_solver data/random/random_k4_v20_c50.cnf greedy --json,,
2026-05-03T07:16:28.256495+00:00,tseytin_3x3,tseytin,greedy,0,dp,ok,36,105,144,144,128,6824,0.129000,0.134000,6.457000,114.529000,213.904000,335.024000,353.098101,105,2,2,true,4139,360,2947166208,0,nice -n 19 ./sat_solver data/tseytin/3x3.dimacs greedy --json,,
2026-05-03T07:16:28.319526+00:00,tseytin_3x3,tseytin,linear,0,dp,ok,36,105,768,768,2,14322,0.106000,0.063000,16.452000,8.154000,23.307000,47.975000,62.610212,105,2,2,true,1014,361,447096029184,0,nice -n 19 ./sat_solver data/tseytin/3x3.dimacs linear --json,,
2026-05-03T07:16:28.626080+00:00,tseytin_pure_3x3,tseytin,greedy,0,dp,ok,36,99,144,144,128,5945,0.093000,0.089000,4.120000,83.826000,197.148000,285.183000,302.437104,99,64,64,true,17389,5656,2821754880,0,nice -n 19 ./sat_solver data/tseytin/pure_3x3.dimacs greedy --json,,
2026-05-03T07:16:28.691744+00:00,tseytin_pure_3x3,tseytin,linear,0,dp,ok,36,99,768,768,2,13310,0.111000,0.064000,16.225000,7.342000,22.559000,46.190000,66.981776,99,64,64,true,4947,3789,428070666240,0,nice -n 19 ./sat_solver data/tseytin/pure_3x3.dimacs linear --json,,
2026-05-03T07:16:28.701038+00:00,random_k3_v30_c60_difficile,random,greedy,0,dp,ok,30,60,7168,7168,3072,84621,0.107000,0.089000,48.829000,6335.483000,12792.288000,19176.688000,19612.546225,60,333580,333580,true,3493855,623954,232024870748160,0,nice -n 19 ./sat_solver data/random/random_k3_v30_c60_difficile.cnf greedy --json,,
2026-05-03T07:16:30.154309+00:00,tseytin_4x4,tseytin,linear,0,dp,ok,72,220,6144,6144,2,213653,0.124000,0.173000,438.768000,217.552000,729.489000,1385.982000,1451.585015,220,2,2,true,3960,813,474061310263296,0,nice -n 19 ./sat_solver data/tseytin/4x4.dimacs linear --json,,
2026-05-03T07:16:32.583622+00:00,type3_n150_t5_s3,type3,linear,0,dp,alloc_fail,,,,,,,,,,,,,23780.667214,,,,,,,,1,nice -n 19 ./sat_solver data/type3/type3_n150_t5_s3.cnf linear --json,trie ou DNNFPool a manque de memoire pendant la DP,
2026-05-03T07:16:32.921863+00:00,type1_v500_c600,type1,linear,0,dp,alloc_fail,,,,,,,,,,,,,24245.540543,,,,,,,,1,nice -n 19 ./sat_solver data/type1/type1_v500_c600.cnf linear --json,trie ou DNNFPool a manque de memoire pendant la DP,
2026-05-03T07:16:33.969510+00:00,tseytin_pure_4x4,tseytin,linear,0,dp,ok,72,212,6144,6144,2,207263,0.143000,0.110000,414.135000,207.266000,688.319000,1309.830000,1383.959550,212,256,256,true,33962,25826,461073329160192,0,nice -n 19 ./sat_solver data/tseytin/pure_4x4.dimacs linear --json,,
2026-05-03T07:16:35.771460+00:00,type3_n1000_t5_s3,type3,linear,0,dp,alloc_fail,,,,,,,,,,,,,26910.988020,,,,,,,,1,nice -n 19 ./sat_solver data/type3/type3_n1000_t5_s3.cnf linear --json,trie ou DNNFPool a manque de memoire pendant la DP,
2026-05-03T07:16:39.044499+00:00,type3_n5000_t3_s2,type3,linear,0,dp,alloc_fail,,,,,,,,,,,,,30329.385638,,,,,,,,1,nice -n 19 ./sat_solver data/type3/type3_n5000_t3_s2.cnf linear --json,trie ou DNNFPool a manque de memoire pendant la DP,
2026-05-03T07:16:42.605057+00:00,type2_v200_c800_t3,type2,linear,0,dp,alloc_fail,,,,,,,,,,,,,33916.184786,,,,,,,,1,nice -n 19 ./sat_solver data/type2/type2_v200_c800_t3.cnf linear --json,trie ou DNNFPool a manque de memoire pendant la DP,
2026-05-03T07:16:42.760734+00:00,type1_v150_c180,type1,greedy,0,dp,ok,150,152,5616,5616,61,263258,0.323000,0.628000,500.037000,7137.575000,23913.862000,31552.103000,34088.548995,152,overflow,overflow,true,24341837,1053677,374443486470144,0,nice -n 19 ./sat_solver data/type1/type1_v150_c180.cnf greedy --json,,
2026-05-03T07:16:43.063927+00:00,random_k3_v50_c400_difficile,random,linear,0,dp,alloc_fail,,,,,,,,,,,,,33233.416220,,,,,,,,1,nice -n 19 ./sat_solver data/random/random_k3_v50_c400_difficile.cnf linear --json,trie ou DNNFPool a manque de memoire pendant la DP,
2026-05-03T07:16:43.484838+00:00,random_k3_v100_c426_difficile,random,linear,0,dp,alloc_fail,,,,,,,,,,,,,29150.558780,,,,,,,,1,nice -n 19 ./sat_solver data/random/random_k3_v100_c426_difficile.cnf linear --json,trie ou DNNFPool a manque de memoire pendant la DP,
2026-05-03T07:16:44.820336+00:00,type3_n90_t5_s3,type3,linear,0,dp,alloc_fail,,,,,,,,,,,,,36091.206420,,,,,,,,1,nice -n 19 ./sat_solver data/type3/type3_n90_t5_s3.cnf linear --json,trie ou DNNFPool a manque de memoire pendant la DP,
2026-05-03T07:16:45.288494+00:00,type2_v500_c2000_t3_ordered,type2,linear,0,dp,alloc_fail,,,,,,,,,,,,,36595.082935,,,,,,,,1,nice -n 19 ./sat_solver data/type2/type2_v500_c2000_t3_ordered.cnf linear --json,trie ou DNNFPool a manque de memoire pendant la DP,
2026-05-03T07:16:46.066647+00:00,type3_n120_t5_s3,type3,linear,0,dp,alloc_fail,,,,,,,,,,,,,37278.891649,,,,,,,,1,nice -n 19 ./sat_solver data/type3/type3_n120_t5_s3.cnf linear --json,trie ou DNNFPool a manque de memoire pendant la DP,
2026-05-03T07:16:46.351505+00:00,type3_n10000_t3_s2,type3,linear,0,dp,crash,,,,,,,,,,,,,37635.233747,,,,,,,,-11,nice -n 19 ./sat_solver data/type3/type3_n10000_t3_s2.cnf linear --json,segfault,
2026-05-03T07:16:48.578884+00:00,type2_v100_c400_t3,type2,linear,0,dp,alloc_fail,,,,,,,,,,,,,39897.718773,,,,,,,,1,nice -n 19 ./sat_solver data/type2/type2_v100_c400_t3.cnf linear --json,trie ou DNNFPool a manque de memoire pendant la DP,
2026-05-03T07:16:48.777488+00:00,type3_n200_t3_s2,type3,linear,0,dp,alloc_fail,,,,,,,,,,,,,40073.281849,,,,,,,,1,nice -n 19 ./sat_solver data/type3/type3_n200_t3_s2.cnf linear --json,trie ou DNNFPool a manque de memoire pendant la DP,
2026-05-03T07:16:49.154876+00:00,random_k3_v200_c852_difficile,random,linear,0,dp,alloc_fail,,,,,,,,,,,,,29760.807620,,,,,,,,1,nice -n 19 ./sat_solver data/random/random_k3_v200_c852_difficile.cnf linear --json,trie ou DNNFPool a manque de memoire pendant la DP,
2026-05-03T07:16:50.178902+00:00,random_k3_v50_c400_difficile,random,greedy,0,dp,alloc_fail,,,,,,,,,,,,,40463.087657,,,,,,,,1,nice -n 19 ./sat_solver data/random/random_k3_v50_c400_difficile.cnf greedy --json,trie ou DNNFPool a manque de memoire pendant la DP,
2026-05-03T07:16:51.259851+00:00,type3_n60_t5_s3,type3,linear,0,dp,alloc_fail,,,,,,,,,,,,,42538.431243,,,,,,,,1,nice -n 19 ./sat_solver data/type3/type3_n60_t5_s3.cnf linear --json,trie ou DNNFPool a manque de memoire pendant la DP,
2026-05-03T07:16:51.413151+00:00,random_k3_v100_c426_difficile,random,greedy,0,dp,alloc_fail,,,,,,,,,,,,,40870.955238,,,,,,,,1,nice -n 19 ./sat_solver data/random/random_k3_v100_c426_difficile.cnf greedy --json,trie ou DNNFPool a manque de memoire pendant la DP,
2026-05-03T07:16:51.559994+00:00,random_k3_v15_c64_difficile,random,random,0,dp,ok,15,64,1154,1154,1074,7078,0.086000,0.033000,6.838000,28.435000,95.528000,130.835000,143.220385,64,5,5,true,5625,312,849850545992,0,nice -n 19 ./sat_solver data/random/random_k3_v15_c64_difficile.cnf random --json,,
2026-05-03T07:16:51.705491+00:00,random_k3_v15_c64_difficile,random,random,1,dp,ok,15,64,1154,1154,1074,7078,0.086000,0.029000,8.799000,28.651000,93.986000,131.464000,143.796073,64,5,5,true,5625,312,849850545992,0,nice -n 19 ./sat_solver data/random/random_k3_v15_c64_difficile.cnf random --json,,
2026-05-03T07:16:51.855068+00:00,random_k3_v15_c64_difficile,random,random,2,dp,ok,15,64,1154,1154,1074,7078,0.118000,0.030000,7.078000,29.722000,94.868000,131.697000,151.667868,64,5,5,true,5625,312,849850545992,0,nice -n 19 ./sat_solver data/random/random_k3_v15_c64_difficile.cnf random --json,,
2026-05-03T07:16:52.229363+00:00,type3_n1000_t3_s2,type3,linear,0,dp,alloc_fail,,,,,,,,,,,,,43518.058394,,,,,,,,1,nice -n 19 ./sat_solver data/type3/type3_n1000_t3_s2.cnf linear --json,trie ou DNNFPool a manque de memoire pendant la DP,
2026-05-03T07:16:52.535357+00:00,type2_v2000_c8000_t3,type2,linear,0,dp,alloc_fail,,,,,,,,,,,,,43844.249632,,,,,,,,1,nice -n 19 ./sat_solver data/type2/type2_v2000_c8000_t3.cnf linear --json,trie ou DNNFPool a manque de memoire pendant la DP,
2026-05-03T07:16:52.551315+00:00,type2_v100_c400_t4,type2,linear,0,dp,alloc_fail,,,,,,,,,,,,,43864.826762,,,,,,,,1,nice -n 19 ./sat_solver data/type2/type2_v100_c400_t4.cnf linear --json,trie ou DNNFPool a manque de memoire pendant la DP,
2026-05-03T07:16:52.567460+00:00,type3_n5000_t3_s2,type3,greedy,0,dp,ok,5000,10000,8,8,6,68336,15.405000,1229.120000,5030.988000,12268.503000,24202.386000,42730.997000,43851.700120,10000,overflow,overflow,true,247433,249782,53760000,0,nice -n 19 ./sat_solver data/type3/type3_n5000_t3_s2.cnf greedy --json,,
2026-05-03T07:16:53.777821+00:00,type2_v1000_c4000_t3,type2,linear,0,dp,alloc_fail,,,,,,,,,,,,,45086.186050,,,,,,,,1,nice -n 19 ./sat_solver data/type2/type2_v1000_c4000_t3.cnf linear --json,trie ou DNNFPool a manque de memoire pendant la DP,
2026-05-03T07:16:54.793643+00:00,type3_n100_t3_s2,type3,linear,0,dp,alloc_fail,,,,,,,,,,,,,46099.110014,,,,,,,,1,nice -n 19 ./sat_solver data/type3/type3_n100_t3_s2.cnf linear --json,trie ou DNNFPool a manque de memoire pendant la DP,
2026-05-03T07:16:55.656676+00:00,random_k3_v200_c852_difficile,random,greedy,0,dp,alloc_fail,,,,,,,,,,,,,37303.686853,,,,,,,,1,nice -n 19 ./sat_solver data/random/random_k3_v200_c852_difficile.cnf greedy --json,trie ou DNNFPool a manque de memoire pendant la DP,
2026-05-03T07:16:55.692724+00:00,random_k3_v50_c213_difficile,random,linear,0,dp,alloc_fail,,,,,,,,,,,,,46047.615648,,,,,,,,1,nice -n 19 ./sat_solver data/random/random_k3_v50_c213_difficile.cnf linear --json,trie ou DNNFPool a manque de memoire pendant la DP,
2026-05-03T07:16:56.767415+00:00,type2_v500_c2000_t3,type2,linear,0,dp,alloc_fail,,,,,,,,,,,,,48078.554457,,,,,,,,1,nice -n 19 ./sat_solver data/type2/type2_v500_c2000_t3.cnf linear --json,trie ou DNNFPool a manque de memoire pendant la DP,
2026-05-03T07:16:57.112514+00:00,tseytin_5x5,tseytin,linear,0,dp,ok,120,375,24576,24576,2,1860816,0.202000,0.376000,7411.322000,2955.706000,11834.800000,22202.204000,23141.670758,375,2,2,true,11991,1327,51432405168291840,0,nice -n 19 ./sat_solver data/tseytin/5x5.dimacs linear --json,,
2026-05-03T07:17:01.487713+00:00,random_k3_v30_c240_difficile,random,linear,0,dp,alloc_fail,,,,,,,,,,,,,52251.995950,,,,,,,,1,nice -n 19 ./sat_solver data/random/random_k3_v30_c240_difficile.cnf linear --json,trie ou DNNFPool a manque de memoire pendant la DP,
2026-05-03T07:17:02.062758+00:00,tseytin_pure_5x5,tseytin,linear,0,dp,ok,120,365,24576,24576,2,1821912,0.203000,0.466000,7869.119000,2992.213000,11201.882000,22063.680000,23016.820063,365,1024,1024,true,194801,147352,50393366680043520,0,nice -n 19 ./sat_solver data/tseytin/pure_5x5.dimacs linear --json,,
2026-05-03T07:17:04.713870+00:00,factorization_5x5_464d_simplified,factorization,linear,0,dp,ok,120,357,24576,24576,2,1812013,0.183000,0.501000,7502.018000,2850.117000,10258.905000,20611.541000,21227.311911,357,2,2,true,11719,1299,49562135889444864,0,nice -n 19 ./sat_solver data/factorization/5x5_464d_simplified.dimacs linear --json,,
2026-05-03T07:17:05.626451+00:00,factorization_5x5_464d,factorization,linear,0,dp,ok,120,375,24576,24576,2,1860816,0.202000,0.471000,8224.839000,3008.448000,10946.621000,22180.379000,22863.640520,375,2,2,true,11991,1327,51432405168291840,0,nice -n 19 ./sat_solver data/factorization/5x5_464d.dimacs linear --json,,
2026-05-03T07:17:07.025894+00:00,random_k3_v100_c200_difficile,random,linear,0,dp,alloc_fail,,,,,,,,,,,,,56783.298553,,,,,,,,1,nice -n 19 ./sat_solver data/random/random_k3_v100_c200_difficile.cnf linear --json,trie ou DNNFPool a manque de memoire pendant la DP,
2026-05-03T07:17:08.871005+00:00,random_k3_v80_c200,random,linear,0,dp,alloc_fail,,,,,,,,,,,,,58991.010977,,,,,,,,1,nice -n 19 ./sat_solver data/random/random_k3_v80_c200.cnf linear --json,trie ou DNNFPool a manque de memoire pendant la DP,
2026-05-03T07:17:09.597871+00:00,random_k3_v30_c240_difficile,random,greedy,0,dp,alloc_fail,,,,,,,,,,,,,60375.686777,,,,,,,,1,nice -n 19 ./sat_solver data/random/random_k3_v30_c240_difficile.cnf greedy --json,trie ou DNNFPool a manque de memoire pendant la DP,
2026-05-03T07:17:13.778557+00:00,type2_v100_c400_t4_ordered,type2,linear,0,dp,ok,100,400,174144,174144,2,6032720,0.217000,0.383000,19548.091000,9534.385000,33903.060000,62985.918000,65091.633976,400,74649816583372800,74649816583372800,true,1504315,4790,overflow,0,nice -n 19 ./sat_solver data/type2/type2_v100_c400_t4_ordered.cnf linear --json,,
2026-05-03T07:17:15.065487+00:00,random_k3_v30_c128_difficile,random,linear,0,dp,alloc_fail,,,,,,,,,,,,,65843.716866,,,,,,,,1,nice -n 19 ./sat_solver data/random/random_k3_v30_c128_difficile.cnf linear --json,trie ou DNNFPool a manque de memoire pendant la DP,
2026-05-03T07:17:15.228345+00:00,type2_v200_c800_t3,type2,greedy,0,dp,alloc_fail,,,,,,,,,,,,,66543.289572,,,,,,,,1,nice -n 19 ./sat_solver data/type2/type2_v200_c800_t3.cnf greedy --json,trie ou DNNFPool a manque de memoire pendant la DP,
2026-05-03T07:17:16.875947+00:00,type2_v50_c200_t3,type2,linear,0,dp,alloc_fail,,,,,,,,,,,,,68199.333022,,,,,,,,1,nice -n 19 ./sat_solver data/type2/type2_v50_c200_t3.cnf linear --json,trie ou DNNFPool a manque de memoire pendant la DP,
2026-05-03T07:17:17.754478+00:00,type2_v2000_c8000_t3,type2,greedy,0,dp,alloc_fail,,,,,,,,,,,,,69061.742743,,,,,,,,1,nice -n 19 ./sat_solver data/type2/type2_v2000_c8000_t3.cnf greedy --json,trie ou DNNFPool a manque de memoire pendant la DP,
2026-05-03T07:17:22.908083+00:00,type3_n1000_t5_s3,type3,greedy,0,dp,ok,1000,5328,60,60,12,211946,3.081000,158.010000,7768.248000,18086.724000,46913.544000,72926.527000,74058.891481,5328,overflow,overflow,true,1011659,588179,9567936000,0,nice -n 19 ./sat_solver data/type3/type3_n1000_t5_s3.cnf greedy --json,,
2026-05-03T07:17:24.195509+00:00,type2_v50_c200_t4,type2,linear,0,dp,alloc_fail,,,,,,,,,,,,,75514.091879,,,,,,,,1,nice -n 19 ./sat_solver data/type2/type2_v50_c200_t4.cnf linear --json,trie ou DNNFPool a manque de memoire pendant la DP,
2026-05-03T07:17:27.007467+00:00,random_k3_v50_c213_difficile,random,greedy,0,dp,alloc_fail,,,,,,,,,,,,,77562.743941,,,,,,,,1,nice -n 19 ./sat_solver data/random/random_k3_v50_c213_difficile.cnf greedy --json,trie ou DNNFPool a manque de memoire pendant la DP,
2026-05-03T07:17:32.344981+00:00,type2_v1000_c4000_t3,type2,greedy,0,dp,alloc_fail,,,,,,,,,,,,,83656.083995,,,,,,,,1,nice -n 19 ./sat_solver data/type2/type2_v1000_c4000_t3.cnf greedy --json,trie ou DNNFPool a manque de memoire pendant la DP,
2026-05-03T07:17:33.070486+00:00,type3_n10000_t3_s2,type3,greedy,0,dp,crash,,,,,,,,,,,,,84352.364486,,,,,,,,-11,nice -n 19 ./sat_solver data/type3/type3_n10000_t3_s2.cnf greedy --json,segfault,
2026-05-03T07:17:35.020992+00:00,random_k3_v40_c100,random,linear,0,dp,alloc_fail,,,,,,,,,,,,,85637.571328,,,,,,,,1,nice -n 19 ./sat_solver data/random/random_k3_v40_c100.cnf linear --json,trie ou DNNFPool a manque de memoire pendant la DP,
2026-05-03T07:17:44.080503+00:00,random_k4_v40_c100,random,linear,0,dp,alloc_fail,,,,,,,,,,,,,78911.037232,,,,,,,,1,nice -n 19 ./sat_solver data/random/random_k4_v40_c100.cnf linear --json,trie ou DNNFPool a manque de memoire pendant la DP,
2026-05-03T07:17:48.730106+00:00,type1_v500_c600_ordered,type1,linear,0,dp,ok,500,508,77769,77769,2,3208564,1.337000,1.733000,26379.403000,9404.076000,61985.238000,97770.450000,100055.551429,507,0,0,true,1272,0,3318777337713529104,0,nice -n 19 ./sat_solver data/type1/type1_v500_c600_ordered.cnf linear --json,,
2026-05-03T07:17:51.699967+00:00,type2_v100_c400_t3,type2,random,1,dp,alloc_fail,,,,,,,,,,,,,63116.512209,,,,,,,,1,nice -n 19 ./sat_solver data/type2/type2_v100_c400_t3.cnf random --json,trie ou DNNFPool a manque de memoire pendant la DP,
2026-05-03T07:17:51.916807+00:00,type2_v100_c400_t3,type2,random,2,dp,alloc_fail,,,,,,,,,,,,,63143.593151,,,,,,,,1,nice -n 19 ./sat_solver data/type2/type2_v100_c400_t3.cnf random --json,trie ou DNNFPool a manque de memoire pendant la DP,
2026-05-03T07:17:52.746580+00:00,type3_n100_t3_s2,type3,random,2,dp,alloc_fail,,,,,,,,,,,,,61485.291864,,,,,,,,1,nice -n 19 ./sat_solver data/type3/type3_n100_t3_s2.cnf random --json,trie ou DNNFPool a manque de memoire pendant la DP,
2026-05-03T07:17:55.603565+00:00,random_k3_v80_c200,random,greedy,0,dp,alloc_fail,,,,,,,,,,,,,105769.008899,,,,,,,,1,nice -n 19 ./sat_solver data/random/random_k3_v80_c200.cnf greedy --json,trie ou DNNFPool a manque de memoire pendant la DP,
2026-05-03T07:17:59.994085+00:00,type3_n60_t3_s2,type3,linear,0,dp,alloc_fail,,,,,,,,,,,,,111301.430799,,,,,,,,1,nice -n 19 ./sat_solver data/type3/type3_n60_t3_s2.cnf linear --json,trie ou DNNFPool a manque de memoire pendant la DP,
2026-05-03T07:18:03.089540+00:00,type2_v500_c2000_t3,type2,greedy,0,dp,alloc_fail,,,,,,,,,,,,,114398.153225,,,,,,,,1,nice -n 19 ./sat_solver data/type2/type2_v500_c2000_t3.cnf greedy --json,trie ou DNNFPool a manque de memoire pendant la DP,
2026-05-03T07:18:05.433494+00:00,random_k3_v100_c200_difficile,random,greedy,0,dp,alloc_fail,,,,,,,,,,,,,115382.508920,,,,,,,,1,nice -n 19 ./sat_solver data/random/random_k3_v100_c200_difficile.cnf greedy --json,trie ou DNNFPool a manque de memoire pendant la DP,
2026-05-03T07:18:06.750360+00:00,type1_v200_c250,type1,linear,0,dp,alloc_fail,,,,,,,,,,,,,118077.126120,,,,,,,,1,nice -n 19 ./sat_solver data/type1/type1_v200_c250.cnf linear --json,trie ou DNNFPool a manque de memoire pendant la DP,
2026-05-03T07:18:13.440639+00:00,type1_v150_c180,type1,linear,0,dp,alloc_fail,,,,,,,,,,,,,124768.961576,,,,,,,,1,nice -n 19 ./sat_solver data/type1/type1_v150_c180.cnf linear --json,trie ou DNNFPool a manque de memoire pendant la DP,
2026-05-03T07:18:16.308109+00:00,type1_v500_c600,type1,greedy,0,dp,alloc_fail,,,,,,,,,,,,,127634.723208,,,,,,,,1,nice -n 19 ./sat_solver data/type1/type1_v500_c600.cnf greedy --json,trie ou DNNFPool a manque de memoire pendant la DP,
2026-05-03T07:18:18.182227+00:00,type2_v200_c800_t3_ordered,type2,linear,0,dp,alloc_fail,,,,,,,,,,,,,129495.124826,,,,,,,,1,nice -n 19 ./sat_solver data/type2/type2_v200_c800_t3_ordered.cnf linear --json,trie ou DNNFPool a manque de memoire pendant la DP,
2026-05-03T07:19:04.710212+00:00,type1_v50_c60,type1,random,1,dp,ok,50,49,1248,1248,1248,10631,0.116000,0.040000,324.976000,875.807000,138181.458000,139382.280000,139426.048038,46,0,0,true,219036,0,1347029139456,0,nice -n 19 ./sat_solver data/type1/type1_v50_c60.cnf random --json,,
2026-05-03T07:19:10.831543+00:00,type3_n100_t3_s2,type3,random,1,dp,alloc_fail,,,,,,,,,,,,,140651.120495,,,,,,,,1,nice -n 19 ./sat_solver data/type3/type3_n100_t3_s2.cnf random --json,trie ou DNNFPool a manque de memoire pendant la DP,
2026-05-03T07:19:50.675094+00:00,random_k3_v50_c100_difficile,random,linear,0,dp,alloc_fail,,,,,,,,,,,,,221261.132929,,,,,,,,1,nice -n 19 ./sat_solver data/random/random_k3_v50_c100_difficile.cnf linear --json,trie ou DNNFPool a manque de memoire pendant la DP,
2026-05-03T07:20:21.567052+00:00,tseytin_pure_4x4,tseytin,greedy,0,dp,ok,72,212,8192,7168,8192,218709,0.127000,0.380000,295.933000,73429.242000,157543.676000,231269.231000,231410.821789,212,256,256,true,799835,58406,1092914558009344,0,nice -n 19 ./sat_solver data/tseytin/pure_4x4.dimacs greedy --json,,
2026-05-03T07:20:31.135092+00:00,type1_v80_c100,type1,linear,0,dp,alloc_fail,,,,,,,,,,,,,262465.164798,,,,,,,,1,nice -n 19 ./sat_solver data/type1/type1_v80_c100.cnf linear --json,trie ou DNNFPool a manque de memoire pendant la DP,
2026-05-03T07:20:40.442439+00:00,tseytin_4x4,tseytin,greedy,0,dp,ok,72,220,8192,7168,8192,224486,0.129000,0.412000,309.367000,78920.070000,172430.649000,251660.498000,251748.731247,220,2,2,true,116732,834,1123700883587072,0,nice -n 19 ./sat_solver data/tseytin/4x4.dimacs greedy --json,,
2026-05-03T07:21:26.657493+00:00,type2_v500_c2000_t3_ordered,type2,greedy,0,dp,alloc_fail,,,,,,,,,,,,,317965.630872,,,,,,,,1,nice -n 19 ./sat_solver data/type2/type2_v500_c2000_t3_ordered.cnf greedy --json,trie ou DNNFPool a manque de memoire pendant la DP,
2026-05-03T07:22:18.437178+00:00,type1_v500_c600_ordered,type1,greedy,0,dp,alloc_fail,,,,,,,,,,,,,369762.035399,,,,,,,,1,nice -n 19 ./sat_solver data/type1/type1_v500_c600_ordered.cnf greedy --json,trie ou DNNFPool a manque de memoire pendant la DP,
2026-05-03T07:25:45.979519+00:00,type1_v200_c250,type1,greedy,0,dp,ok,200,213,21000,258,21000,1343240,0.350000,1.090000,51.571000,158527.958000,418498.034000,577078.653000,577307.009089,210,0,0,true,415,0,26773551000000000,0,nice -n 19 ./sat_solver data/type1/type1_v200_c250.cnf greedy --json,,
2026-05-03T07:28:26.738293+00:00,type1_v50_c60,type1,random,0,dp,ok,50,49,7560,7560,1800,22608,0.070000,0.022000,1457.663000,1415.287000,699019.505000,701892.478000,701916.740111,46,0,0,true,163068,0,299432282688000,0,nice -n 19 ./sat_solver data/type1/type1_v50_c60.cnf random --json,,
2026-05-03T07:29:28.213496+00:00,tseytin_3x3,tseytin,random,0,dp,crash,,,,,,,,,,,,,756356.195107,,,,,,,,-11,nice -n 19 ./sat_solver data/tseytin/3x3.dimacs random --json,segfault,
2026-05-03T07:31:06.760062+00:00,random_k4_v40_c100,random,greedy,0,dp,crash,,,,,,,,,,,,,884253.027399,,,,,,,,-11,nice -n 19 ./sat_solver data/random/random_k4_v40_c100.cnf greedy --json,segfault,
2026-05-03T07:33:55.028478+00:00,type1_v200_c250_ordered,type1,greedy,0,dp,crash,,,,,,,,,,,,,1066352.283493,,,,,,,,-11,nice -n 19 ./sat_solver data/type1/type1_v200_c250_ordered.cnf greedy --json,segfault,
2026-05-03T07:37:06.394211+00:00,random_k3_v30_c128_difficile,random,greedy,0,dp,crash,,,,,,,,,,,,,1257276.489818,,,,,,,,-11,nice -n 19 ./sat_solver data/random/random_k3_v30_c128_difficile.cnf greedy --json,segfault,
2026-05-03T07:40:14.133516+00:00,random_k3_v50_c100_difficile,random,greedy,0,dp,crash,,,,,,,,,,,,,1444742.505325,,,,,,,,-11,nice -n 19 ./sat_solver data/random/random_k3_v50_c100_difficile.cnf greedy --json,segfault,
2026-05-03T07:43:01.997282+00:00,tseytin_3x3,tseytin,random,1,dp,crash,,,,,,,,,,,,,1569762.676181,,,,,,,,-11,nice -n 19 ./sat_solver data/tseytin/3x3.dimacs random --json,segfault,
2026-05-03T07:43:03.062501+00:00,tseytin_3x3,tseytin,random,2,dp,crash,,,,,,,,,,,,,1570525.001317,,,,,,,,-11,nice -n 19 ./sat_solver data/tseytin/3x3.dimacs random --json,segfault,
2026-05-03T07:43:03.495066+00:00,random_k3_v40_c100,random,greedy,0,dp,crash,,,,,,,,,,,,,1614241.268652,,,,,,,,-11,nice -n 19 ./sat_solver data/random/random_k3_v40_c100.cnf greedy --json,segfault,
2026-05-03T07:45:22.009516+00:00,type1_v50_c60,type1,random,2,dp,ok,50,49,5760,5760,888,13515,0.119000,0.037000,1967.069000,1094.574000,1712836.088000,1715897.768000,1715937.435926,46,0,0,true,70163,0,132434362368000,0,nice -n 19 ./sat_solver data/type1/type1_v50_c60.cnf random --json,,
2026-05-03T07:46:52.400261+00:00,type2_v100_c400_t3,type2,random,0,dp,timeout,,,,,,,,,,,,,1806047.215851,,,,,,,,,nice -n 19 ./sat_solver data/type2/type2_v100_c400_t3.cnf random --json,timeout after 1800s,
2026-05-03T08:16:33.518526+00:00,tseytin_5x5,tseytin,greedy,0,dp,timeout,,,,,,,,,,,,,3600592.200873,,,,,,,,,nice -n 19 ./sat_solver data/tseytin/5x5.dimacs greedy --json,timeout after 3600s,
2026-05-03T08:16:36.343773+00:00,tseytin_pure_5x5,tseytin,greedy,0,dp,timeout,,,,,,,,,,,,,3600570.745004,,,,,,,,,nice -n 19 ./sat_solver data/tseytin/pure_5x5.dimacs greedy --json,timeout after 3600s,
2026-05-03T08:16:43.383957+00:00,factorization_5x5_464d,factorization,greedy,0,dp,timeout,,,,,,,,,,,,,3600779.460866,,,,,,,,,nice -n 19 ./sat_solver data/factorization/5x5_464d.dimacs greedy --json,timeout after 3600s,
2026-05-03T08:16:43.598814+00:00,factorization_5x5_464d_simplified,factorization,greedy,0,dp,timeout,,,,,,,,,,,,,3600536.403216,,,,,,,,,nice -n 19 ./sat_solver data/factorization/5x5_464d_simplified.dimacs greedy --json,timeout after 3600s,
2026-05-03T08:16:55.558112+00:00,type3_n100_t3_s2,type3,random,0,dp,timeout,,,,,,,,,,,,,3606402.019889,,,,,,,,,nice -n 19 ./sat_solver data/type3/type3_n100_t3_s2.cnf random --json,timeout after 3600s,
