timestamp_utc,instance_id,family,mode,seed,runner,status,n_vars,n_clauses,ps_width,ps_width_pv,ps_width_pvb,trie_num_ps_sets,time_parsing_ms,time_phase0_ms,time_phase1_ms,time_phase2_ms,time_phase3_ms,time_total_ms,elapsed_wallclock_ms,maxsat,sharpsat,dnnf_count_recomputed,dnnf_count_match,dnnf_nodes,dnnf_edges,dnnf_bound_7k3nm,exit_code,command,error_message,stderr_tail,query_co_ms,query_va_ms,query_ct_ms,query_me_ms,query_ce_ms,query_im_ms,query_enum_first_ms,query_enum_all_ms,query_enum_count,query_co_result,query_va_result,query_ce_result,query_im_result,query_ct_count,query_repetitions,query_enum_all_skipped
2026-05-04T16:55:45.515156+00:00,type1_v20_c25,type1,linear,0,dp,ok,20,24,140,140,2,1104,0.111000,0.015000,0.790000,0.642000,1.387000,2.833000,19.081316,24,194320,194320,true,2935,2019,845152000,0,nice -n 19 ./sat_solver data/type1/type1_v20_c25.cnf linear --json,,,,,,,,,,,,,,,,,,
2026-05-04T16:55:45.515682+00:00,type1_v30_c40_ordered,type1,linear,0,dp,ok,30,38,217,217,2,1340,0.123000,0.021000,0.842000,0.612000,1.692000,3.167000,18.995175,38,263422857,263422857,true,4584,6966,4863916988,0,nice -n 19 ./sat_solver data/type1/type1_v30_c40_ordered.cnf linear --json,,,,,,,,,,,,,,,,,,
2026-05-04T16:55:45.517613+00:00,type1_v20_c25_ordered,type1,linear,0,dp,ok,20,25,111,111,2,814,0.161000,0.015000,0.515000,0.495000,0.967000,1.992000,20.812081,25,561310,561310,true,2465,4032,430803765,0,nice -n 19 ./sat_solver data/type1/type1_v20_c25_ordered.cnf linear --json,,,,,,,,,,,,,,,,,,
2026-05-04T16:55:45.517756+00:00,type1_v20_c25,type1,greedy,0,dp,ok,20,24,12,12,6,191,0.092000,0.032000,0.102000,0.430000,0.417000,0.981000,22.843402,24,194320,194320,true,1097,959,532224,0,nice -n 19 ./sat_solver data/type1/type1_v20_c25.cnf greedy --json,,,,,,,,,,,,,,,,,,
2026-05-04T16:55:45.517831+00:00,type1_v20_c25_ordered,type1,greedy,0,dp,ok,20,25,24,24,10,386,0.099000,0.031000,0.196000,0.772000,1.526000,2.525000,23.363560,25,561310,561310,true,4891,4577,4354560,0,nice -n 19 ./sat_solver data/type1/type1_v20_c25_ordered.cnf greedy --json,,,,,,,,,,,,,,,,,,
2026-05-04T16:55:45.517895+00:00,type1_v30_c40,type1,greedy,0,dp,ok,30,27,16,8,16,362,0.100000,0.046000,0.154000,0.839000,1.437000,2.475000,23.244548,27,218503168,218503168,true,4075,6127,1634304,0,nice -n 19 ./sat_solver data/type1/type1_v30_c40.cnf greedy --json,,,,,,,,,,,,,,,,,,
2026-05-04T16:55:45.522748+00:00,type1_v50_c60,type1,greedy,0,dp,ok,50,49,56,56,6,734,0.099000,0.110000,0.590000,1.510000,1.927000,4.137000,20.434416,46,0,0,true,145,0,121701888,0,nice -n 19 ./sat_solver data/type1/type1_v50_c60.cnf greedy --json,,,,,,,,,,,,,,,,,,
2026-05-04T16:55:45.523358+00:00,type1_v30_c40_ordered,type1,greedy,0,dp,ok,30,38,18,18,12,662,0.112000,0.058000,0.298000,1.313000,2.737000,4.406000,24.760281,38,263422857,263422857,true,5900,9356,2776032,0,nice -n 19 ./sat_solver data/type1/type1_v30_c40_ordered.cnf greedy --json,,,,,,,,,,,,,,,,,,
2026-05-04T16:55:45.523733+00:00,type1_v30_c40,type1,linear,0,dp,ok,30,27,558,558,2,2519,0.135000,0.016000,2.024000,1.227000,4.882000,8.149000,25.825467,27,218503168,218503168,true,9936,16850,69322703688,0,nice -n 19 ./sat_solver data/type1/type1_v30_c40.cnf linear --json,,,,,,,,,,,,,,,,,,
2026-05-04T16:55:45.529521+00:00,type1_v50_c60_ordered,type1,greedy,0,dp,ok,50,57,30,18,30,996,0.157000,0.099000,0.615000,2.854000,6.319000,9.887000,25.867498,57,158597616286976,158597616286976,true,11633,15038,20223000,0,nice -n 19 ./sat_solver data/type1/type1_v50_c60_ordered.cnf greedy --json,,,,,,,,,,,,,,,,,,
2026-05-04T16:55:45.537431+00:00,type2_v25_c100_t3_ordered,type2,linear,0,dp,ok,25,88,99,99,2,2360,0.117000,0.042000,2.229000,1.349000,3.563000,7.184000,20.473587,85,0,0,true,2707,0,767506509,0,nice -n 19 ./sat_solver data/type2/type2_v25_c100_t3_ordered.cnf linear --json,,,,,,,,,,,,,,,,,,
2026-05-04T16:55:45.537627+00:00,type2_v25_c100_t3_ordered,type2,greedy,0,dp,ok,25,88,28,28,3,845,0.088000,0.098000,0.886000,1.126000,1.371000,3.481000,20.444007,85,0,0,true,71,0,17364032,0,nice -n 19 ./sat_solver data/type2/type2_v25_c100_t3_ordered.cnf greedy --json,,,,,,,,,,,,,,,,,,
2026-05-04T16:55:45.537730+00:00,type2_v25_c100_t4,type2,greedy,0,dp,ok,25,100,14,14,4,692,0.115000,0.117000,0.831000,0.976000,1.449000,3.373000,19.902438,99,0,0,true,80,0,2401000,0,nice -n 19 ./sat_solver data/type2/type2_v25_c100_t4.cnf greedy --json,,,,,,,,,,,,,,,,,,
2026-05-04T16:55:45.537805+00:00,type2_v25_c100_t3,type2,greedy,0,dp,ok,25,100,26,26,8,1036,0.125000,0.124000,1.261000,2.136000,3.391000,6.912000,23.404170,98,0,0,true,137,0,15379000,0,nice -n 19 ./sat_solver data/type2/type2_v25_c100_t3.cnf greedy --json,,,,,,,,,,,,,,,,,,
2026-05-04T16:55:45.538706+00:00,type1_v50_c60_ordered,type1,linear,0,dp,ok,50,57,448,448,2,2987,0.115000,0.045000,9.046000,1.560000,6.571000,17.221000,35.711785,57,158597616286976,158597616286976,true,9909,13709,67346628608,0,nice -n 19 ./sat_solver data/type1/type1_v50_c60_ordered.cnf linear --json,,,,,,,,,,,,,,,,,,
2026-05-04T16:55:45.541124+00:00,type1_v80_c100,type1,greedy,0,dp,ok,80,93,32,32,14,1416,0.151000,0.223000,1.927000,4.698000,11.640000,18.488000,33.231588,91,0,0,true,14884,0,39682048,0,nice -n 19 ./sat_solver data/type1/type1_v80_c100.cnf greedy --json,,,,,,,,,,,,,,,,,,
2026-05-04T16:55:45.541977+00:00,type3_n30_t3_s2_ordered,type3,greedy,0,dp,ok,30,60,6,6,3,333,0.092000,0.070000,0.323000,0.649000,0.694000,1.736000,15.621844,60,32768,32768,true,930,919,136080,0,nice -n 19 ./sat_solver data/type3/type3_n30_t3_s2_ordered.cnf greedy --json,,,,,,,,,,,,,,,,,,
2026-05-04T16:55:45.549775+00:00,type3_n60_t3_s2,type3,greedy,0,dp,ok,60,120,6,6,6,739,0.120000,0.247000,1.059000,1.903000,3.595000,6.804000,20.345885,120,1073741824,1073741824,true,2358,2357,272160,0,nice -n 19 ./sat_solver data/type3/type3_n60_t3_s2.cnf greedy --json,,,,,,,,,,,,,,,,,,
2026-05-04T16:55:45.550353+00:00,type2_v25_c100_t4_ordered,type2,greedy,0,dp,ok,25,100,184,184,4,5521,0.139000,0.105000,5.583000,4.370000,10.677000,20.736000,33.120506,100,41896,41896,true,2692,2128,5450816000,0,nice -n 19 ./sat_solver data/type2/type2_v25_c100_t4_ordered.cnf greedy --json,,,,,,,,,,,,,,,,,,
2026-05-04T16:55:45.550481+00:00,type3_n30_t3_s2,type3,greedy,0,dp,ok,30,60,8,8,6,391,0.088000,0.084000,0.325000,0.906000,1.215000,2.529000,20.179802,60,32768,32768,true,1391,1338,322560,0,nice -n 19 ./sat_solver data/type3/type3_n30_t3_s2.cnf greedy --json,,,,,,,,,,,,,,,,,,
2026-05-04T16:55:45.550681+00:00,type3_n30_t3_s2_ordered,type3,linear,0,dp,ok,30,60,12,12,2,674,0.091000,0.037000,0.606000,0.627000,0.824000,2.094000,23.245938,60,32768,32768,true,1067,888,1088640,0,nice -n 19 ./sat_solver data/type3/type3_n30_t3_s2_ordered.cnf linear --json,,,,,,,,,,,,,,,,,,
2026-05-04T16:55:45.552541+00:00,type3_n60_t3_s2_ordered,type3,linear,0,dp,ok,60,120,12,12,2,1394,0.112000,0.088000,1.618000,1.443000,3.123000,6.272000,23.203128,120,1073741824,1073741824,true,2207,1848,2177280,0,nice -n 19 ./sat_solver data/type3/type3_n60_t3_s2_ordered.cnf linear --json,,,,,,,,,,,,,,,,,,
2026-05-04T16:55:45.558887+00:00,type3_n60_t3_s2_ordered,type3,greedy,0,dp,ok,60,120,6,6,3,678,0.126000,0.190000,1.063000,5.451000,2.489000,9.193000,29.202648,120,1073741824,1073741824,true,1920,1909,272160,0,nice -n 19 ./sat_solver data/type3/type3_n60_t3_s2_ordered.cnf greedy --json,,,,,,,,,,,,,,,,,,
2026-05-04T16:55:45.561425+00:00,type3_n100_t3_s2_ordered,type3,greedy,0,dp,ok,100,200,6,6,3,1138,0.146000,0.459000,2.630000,3.153000,6.525000,12.767000,25.867307,200,1125899906842624,1125899906842624,true,3240,3229,453600,0,nice -n 19 ./sat_solver data/type3/type3_n100_t3_s2_ordered.cnf greedy --json,,,,,,,,,,,,,,,,,,
2026-05-04T16:55:45.565359+00:00,type3_n100_t3_s2_ordered,type3,linear,0,dp,ok,100,200,12,12,2,2354,0.126000,0.171000,4.422000,3.196000,7.603000,15.392000,29.083886,200,1125899906842624,1125899906842624,true,3727,3128,3628800,0,nice -n 19 ./sat_solver data/type3/type3_n100_t3_s2_ordered.cnf linear --json,,,,,,,,,,,,,,,,,,
2026-05-04T16:55:45.573087+00:00,type2_v50_c200_t3_ordered,type2,greedy,0,dp,ok,50,176,256,256,3,4992,0.112000,0.303000,8.476000,6.802000,21.886000,37.468000,55.279998,172,0,0,true,244,0,26541555712,0,nice -n 19 ./sat_solver data/type2/type2_v50_c200_t3_ordered.cnf greedy --json,,,,,,,,,,,,,,,,,,
2026-05-04T16:55:45.578309+00:00,type1_v80_c100_ordered,type1,linear,0,dp,ok,80,99,442,442,2,9642,0.163000,0.112000,14.309000,6.456000,31.353000,52.231000,72.196062,99,overflow,overflow,true,24987,42232,108197662664,0,nice -n 19 ./sat_solver data/type1/type1_v80_c100_ordered.cnf linear --json,,,,,,,,,,,,,,,,,,
2026-05-04T16:55:45.582877+00:00,type3_n100_t3_s2,type3,greedy,0,dp,ok,100,200,8,8,6,1352,0.139000,0.525000,2.719000,15.678000,11.598000,30.520000,50.110071,200,1125899906842624,1125899906842624,true,4849,4832,1075200,0,nice -n 19 ./sat_solver data/type3/type3_n100_t3_s2.cnf greedy --json,,,,,,,,,,,,,,,,,,
2026-05-04T16:55:45.583044+00:00,type2_v50_c200_t3_ordered,type2,linear,0,dp,ok,50,176,224,224,2,8137,0.141000,0.111000,13.372000,7.479000,20.987000,41.948000,60.858752,172,0,0,true,3533,0,17780768768,0,nice -n 19 ./sat_solver data/type2/type2_v50_c200_t3_ordered.cnf linear --json,,,,,,,,,,,,,,,,,,
2026-05-04T16:55:45.632205+00:00,type3_n200_t3_s2_ordered,type3,greedy,0,dp,ok,200,400,6,6,3,2288,0.200000,1.492000,9.722000,26.900000,38.474000,76.589000,91.845406,400,overflow,overflow,true,6540,6529,907200,0,nice -n 19 ./sat_solver data/type3/type3_n200_t3_s2_ordered.cnf greedy --json,,,,,,,,,,,,,,,,,,
2026-05-04T16:55:45.633029+00:00,type2_v25_c100_t4_ordered,type2,linear,0,dp,ok,25,100,1200,1200,2,29870,0.104000,0.060000,30.616000,14.809000,47.320000,92.805000,116.884071,100,41896,41896,true,29873,7065,1512000000000,0,nice -n 19 ./sat_solver data/type2/type2_v25_c100_t4_ordered.cnf linear --json,,,,,,,,,,,,,,,,,,
2026-05-04T16:55:45.638030+00:00,type2_v50_c200_t4_ordered,type2,greedy,0,dp,ok,50,200,456,456,4,12615,0.146000,0.328000,21.690000,20.776000,57.123000,99.916000,118.900821,200,16290859008,16290859008,true,14604,12615,165932928000,0,nice -n 19 ./sat_solver data/type2/type2_v50_c200_t4_ordered.cnf greedy --json,,,,,,,,,,,,,,,,,,
2026-05-04T16:55:45.645722+00:00,type2_v50_c200_t4,type2,greedy,0,dp,ok,50,180,147,147,32,6720,0.112000,0.272000,10.916000,31.921000,65.984000,109.093000,126.922921,180,11041505280,11041505280,true,6156,1741,5114202030,0,nice -n 19 ./sat_solver data/type2/type2_v50_c200_t4.cnf greedy --json,,,,,,,,,,,,,,,,,,
2026-05-04T16:55:45.649915+00:00,type1_v200_c250_ordered,type1,linear,0,dp,ok,200,185,687,687,2,12703,0.304000,0.323000,33.189000,14.888000,70.636000,119.036000,138.142880,184,overflow,0,false,33008,0,873834084585,0,nice -n 19 ./sat_solver data/type1/type1_v200_c250_ordered.cnf linear --json,,,,,,,,,,,,,,,,,,
2026-05-04T16:55:45.654711+00:00,type3_n200_t3_s2,type3,greedy,0,dp,ok,200,400,8,8,6,2669,0.201000,1.709000,9.670000,21.495000,65.451000,98.325000,117.692503,400,overflow,overflow,true,9393,9397,2150400,0,nice -n 19 ./sat_solver data/type3/type3_n200_t3_s2.cnf greedy --json,,,,,,,,,,,,,,,,,,
2026-05-04T16:55:45.661455+00:00,type3_n200_t3_s2_ordered,type3,linear,0,dp,ok,200,400,12,12,2,4754,0.192000,0.548000,32.171000,24.884000,43.220000,100.822000,117.163735,400,overflow,overflow,true,7527,6328,7257600,0,nice -n 19 ./sat_solver data/type3/type3_n200_t3_s2_ordered.cnf linear --json,,,,,,,,,,,,,,,,,,
2026-05-04T16:55:45.694519+00:00,type2_v100_c400_t4,type2,greedy,0,dp,ok,100,400,140,140,12,7531,0.222000,1.142000,28.378000,37.403000,83.686000,150.609000,172.459804,400,overflow,overflow,true,12098,5995,9604000000,0,nice -n 19 ./sat_solver data/type2/type2_v100_c400_t4.cnf greedy --json,,,,,,,,,,,,,,,,,,
2026-05-04T16:55:45.704073+00:00,type3_n60_t5_s3_ordered,type3,greedy,0,dp,ok,60,320,60,60,3,11884,0.221000,0.521000,26.335000,21.943000,65.797000,114.595000,133.919347,320,1099511627776,1099511627776,true,20604,15765,574560000,0,nice -n 19 ./sat_solver data/type3/type3_n60_t5_s3_ordered.cnf greedy --json,,,,,,,,,,,,,,,,,,
2026-05-04T16:55:45.715234+00:00,type2_v100_c400_t3_ordered,type2,greedy,0,dp,ok,100,400,240,240,3,12596,0.211000,1.054000,41.240000,36.888000,94.321000,173.502000,195.759663,391,0,0,true,323,0,48384000000,0,nice -n 19 ./sat_solver data/type2/type2_v100_c400_t3_ordered.cnf greedy --json,,,,,,,,,,,,,,,,,,
2026-05-04T16:55:45.735026+00:00,type2_v100_c400_t4_ordered,type2,greedy,0,dp,ok,100,400,184,184,4,13426,0.227000,1.011000,51.063000,38.065000,96.365000,186.504000,211.140064,400,74649816583372800,74649816583372800,true,5069,2589,21803264000,0,nice -n 19 ./sat_solver data/type2/type2_v100_c400_t4_ordered.cnf greedy --json,,,,,,,,,,,,,,,,,,
2026-05-04T16:55:45.744806+00:00,type2_v25_c100_t3,type2,linear,0,dp,ok,25,100,1792,1792,2,63153,0.117000,0.054000,72.551000,31.250000,98.333000,202.189000,228.677786,98,0,0,true,11666,0,5035261952000,0,nice -n 19 ./sat_solver data/type2/type2_v25_c100_t3.cnf linear --json,,,,,,,,,,,,,,,,,,
2026-05-04T16:55:45.751075+00:00,type3_n60_t5_s3_ordered,type3,linear,0,dp,ok,60,320,80,80,2,16243,0.187000,0.214000,58.205000,22.521000,71.591000,152.530000,173.750713,320,1099511627776,1099511627776,true,21251,13700,1361920000,0,nice -n 19 ./sat_solver data/type3/type3_n60_t5_s3_ordered.cnf linear --json,,,,,,,,,,,,,,,,,,
2026-05-04T16:55:45.760618+00:00,random_k3_v7_c50,random,greedy,0,dp,ok,7,50,60,60,16,1568,0.118000,0.042000,1.015000,1.380000,2.155000,4.592000,16.271824,47,0,0,true,581,0,86184000,0,nice -n 19 ./sat_solver data/random/random_k3_v7_c50.cnf greedy --json,,,,,,,,,,,,,,,,,,
2026-05-04T16:55:45.772914+00:00,random_k3_v7_c50,random,linear,0,dp,ok,7,50,69,69,2,1742,0.103000,0.022000,1.207000,0.802000,1.351000,3.383000,20.112021,47,0,0,true,359,0,131075091,0,nice -n 19 ./sat_solver data/random/random_k3_v7_c50.cnf linear --json,,,,,,,,,,,,,,,,,,
2026-05-04T16:55:45.776760+00:00,random_k3_v8_c20,random,greedy,0,dp,ok,8,20,32,28,32,307,0.095000,0.019000,0.120000,0.790000,0.809000,1.738000,14.428446,20,23,23,true,1538,579,6422528,0,nice -n 19 ./sat_solver data/random/random_k3_v8_c20.cnf greedy --json,,,,,,,,,,,,,,,,,,
2026-05-04T16:55:45.785137+00:00,random_k3_v8_c20,random,linear,0,dp,ok,8,20,73,73,2,716,0.097000,0.010000,0.319000,0.467000,0.408000,1.205000,14.315925,20,23,23,true,663,364,76247332,0,nice -n 19 ./sat_solver data/random/random_k3_v8_c20.cnf linear --json,,,,,,,,,,,,,,,,,,
2026-05-04T16:55:45.797012+00:00,random_k3_v8_c50,random,greedy,0,dp,ok,8,50,113,113,16,2211,0.114000,0.040000,1.228000,2.565000,4.056000,7.889000,18.801191,49,0,0,true,1102,0,585816182,0,nice -n 19 ./sat_solver data/random/random_k3_v8_c50.cnf greedy --json,,,,,,,,,,,,,,,,,,
2026-05-04T16:55:45.803832+00:00,random_k3_v8_c50,random,linear,0,dp,ok,8,50,117,117,2,2662,0.103000,0.023000,1.683000,1.083000,2.057000,4.845000,17.077346,49,0,0,true,287,0,650254878,0,nice -n 19 ./sat_solver data/random/random_k3_v8_c50.cnf linear --json,,,,,,,,,,,,,,,,,,
2026-05-04T16:55:45.820586+00:00,type3_n60_t5_s3,type3,greedy,0,dp,ok,60,320,64,64,12,12216,0.217000,0.708000,49.782000,50.125000,130.916000,231.532000,263.280965,320,1099511627776,1099511627776,true,44343,26542,697303040,0,nice -n 19 ./sat_solver data/type3/type3_n60_t5_s3.cnf greedy --json,,,,,,,,,,,,,,,,,,
2026-05-04T16:55:45.824924+00:00,random_k3_v9_c50,random,greedy,0,dp,ok,9,50,128,128,32,2653,0.101000,0.042000,1.501000,4.184000,7.397000,13.123000,23.824547,50,1,1,true,2635,74,866123776,0,nice -n 19 ./sat_solver data/random/random_k3_v9_c50.cnf greedy --json,,,,,,,,,,,,,,,,,,
2026-05-04T16:55:45.826018+00:00,random_k3_v9_c50,random,linear,0,dp,ok,9,50,179,179,2,4236,0.121000,0.023000,2.780000,1.532000,3.352000,7.688000,20.714820,50,1,1,true,936,74,2368695007,0,nice -n 19 ./sat_solver data/random/random_k3_v9_c50.cnf linear --json,,,,,,,,,,,,,,,,,,
2026-05-04T16:55:45.848312+00:00,random_k3_v10_c50,random,linear,0,dp,ok,10,50,458,458,2,6024,0.103000,0.023000,4.141000,2.323000,5.206000,11.693000,25.163857,50,2,2,true,1163,133,40350203040,0,nice -n 19 ./sat_solver data/random/random_k3_v10_c50.cnf linear --json,,,,,,,,,,,,,,,,,,
2026-05-04T16:55:45.854691+00:00,random_k3_v10_c50,random,greedy,0,dp,ok,10,50,294,294,24,5011,0.151000,0.049000,3.077000,5.671000,10.914000,19.711000,33.150357,50,2,2,true,5197,142,10673117280,0,nice -n 19 ./sat_solver data/random/random_k3_v10_c50.cnf greedy --json,,,,,,,,,,,,,,,,,,
2026-05-04T16:55:45.859229+00:00,type3_n90_t5_s3_ordered,type3,greedy,0,dp,ok,90,480,60,60,3,18224,0.300000,1.077000,56.646000,48.961000,144.370000,251.054000,278.846147,480,1152921504606846976,1152921504606846976,true,31664,24245,861840000,0,nice -n 19 ./sat_solver data/type3/type3_n90_t5_s3_ordered.cnf greedy --json,,,,,,,,,,,,,,,,,,
2026-05-04T16:55:45.868862+00:00,type2_v100_c400_t3,type2,greedy,0,dp,ok,100,332,128,128,24,8014,0.191000,0.918000,24.902000,98.506000,203.501000,327.827000,347.936613,324,0,0,true,283,0,6341787648,0,nice -n 19 ./sat_solver data/type2/type2_v100_c400_t3.cnf greedy --json,,,,,,,,,,,,,,,,,,
2026-05-04T16:55:45.877579+00:00,random_k3_v11_c50,random,greedy,0,dp,ok,11,50,466,466,32,5976,0.134000,0.048000,3.942000,11.489000,20.716000,36.196000,49.305619,48,0,0,true,2426,0,43210135192,0,nice -n 19 ./sat_solver data/random/random_k3_v11_c50.cnf greedy --json,,,,,,,,,,,,,,,,,,
2026-05-04T16:55:45.883885+00:00,random_k3_v11_c50,random,linear,0,dp,ok,11,50,664,664,2,10816,0.102000,0.023000,6.503000,3.179000,8.183000,17.888000,30.962514,48,0,0,true,925,0,125006361088,0,nice -n 19 ./sat_solver data/random/random_k3_v11_c50.cnf linear --json,,,,,,,,,,,,,,,,,,
2026-05-04T16:55:45.904312+00:00,random_k3_v12_c50,random,linear,0,dp,ok,12,50,812,812,2,17167,0.095000,0.023000,11.006000,5.222000,13.853000,30.105000,43.621323,50,12,12,true,4084,558,232358100352,0,nice -n 19 ./sat_solver data/random/random_k3_v12_c50.cnf linear --json,,,,,,,,,,,,,,,,,,
2026-05-04T16:55:45.907968+00:00,random_k3_v12_c50,random,greedy,0,dp,ok,12,50,415,415,64,5548,0.130000,0.048000,3.203000,11.396000,20.994000,35.640000,48.686699,50,12,12,true,4738,620,31019444750,0,nice -n 19 ./sat_solver data/random/random_k3_v12_c50.cnf greedy --json,,,,,,,,,,,,,,,,,,
2026-05-04T16:55:45.938411+00:00,type3_n90_t5_s3_ordered,type3,linear,0,dp,ok,90,480,80,80,2,24943,0.236000,0.420000,74.501000,49.447000,153.844000,278.213000,304.361210,480,1152921504606846976,1152921504606846976,true,32671,21060,2042880000,0,nice -n 19 ./sat_solver data/type3/type3_n90_t5_s3_ordered.cnf linear --json,,,,,,,,,,,,,,,,,,
2026-05-04T16:55:45.953010+00:00,type2_v50_c200_t3,type2,greedy,0,dp,ok,50,200,384,384,64,11451,0.115000,0.339000,21.137000,125.516000,265.409000,412.400000,433.891701,195,0,0,true,456,0,99090432000,0,nice -n 19 ./sat_solver data/type2/type2_v50_c200_t3.cnf greedy --json,,,,,,,,,,,,,,,,,,
2026-05-04T16:55:46.045286+00:00,type2_v200_c800_t3_ordered,type2,greedy,0,dp,ok,200,800,256,256,3,17923,0.326000,3.333000,125.493000,102.591000,260.646000,492.063000,523.085337,780,0,0,true,619,0,117440512000,0,nice -n 19 ./sat_solver data/type2/type2_v200_c800_t3_ordered.cnf greedy --json,,,,,,,,,,,,,,,,,,
2026-05-04T16:55:46.065950+00:00,type2_v25_c100_t4,type2,linear,0,dp,ok,25,100,6256,6256,2,154611,0.111000,0.065000,157.938000,76.483000,254.027000,488.514000,549.768227,99,0,0,true,130611,0,214238872064000,0,nice -n 19 ./sat_solver data/type2/type2_v25_c100_t4.cnf linear --json,,,,,,,,,,,,,,,,,,
2026-05-04T16:55:46.083013+00:00,random_k3_v15_c64_difficile,random,linear,0,dp,ok,15,64,4448,4448,2,85494,0.118000,0.034000,66.045000,28.238000,83.719000,178.035000,202.988751,64,5,5,true,7194,253,48665306955776,0,nice -n 19 ./sat_solver data/random/random_k3_v15_c64_difficile.cnf linear --json,,,,,,,,,,,,,,,,,,
2026-05-04T16:55:46.118502+00:00,type3_n120_t5_s3_ordered,type3,greedy,0,dp,ok,120,640,60,60,3,24564,0.307000,1.911000,97.891000,86.811000,254.674000,441.287000,471.005427,640,overflow,overflow,true,42724,32725,1149120000,0,nice -n 19 ./sat_solver data/type3/type3_n120_t5_s3_ordered.cnf greedy --json,,,,,,,,,,,,,,,,,,
2026-05-04T16:55:46.175060+00:00,type3_n120_t5_s3_ordered,type3,linear,0,dp,ok,120,640,80,80,2,33643,0.305000,0.622000,118.664000,89.079000,276.065000,484.430000,521.028206,640,overflow,overflow,true,44091,28420,2723840000,0,nice -n 19 ./sat_solver data/type3/type3_n120_t5_s3_ordered.cnf linear --json,,,,,,,,,,,,,,,,,,
2026-05-04T16:55:46.219983+00:00,type1_v150_c180_ordered,type1,linear,0,dp,ok,150,179,9007,9007,2,87717,0.259000,0.203000,202.129000,75.262000,401.536000,679.130000,709.629702,177,0,0,true,316,0,1682807450658929,0,nice -n 19 ./sat_solver data/type1/type1_v150_c180_ordered.cnf linear --json,,,,,,,,,,,,,,,,,,
2026-05-04T16:55:46.255912+00:00,type3_n90_t5_s3,type3,greedy,0,dp,ok,90,480,64,64,12,19050,0.297000,5.376000,92.757000,154.437000,384.978000,637.548000,675.868706,480,1152921504606846976,1152921504606846976,true,90576,51815,1045954560,0,nice -n 19 ./sat_solver data/type3/type3_n90_t5_s3.cnf greedy --json,,,,,,,,,,,,,,,,,,
2026-05-04T16:55:46.267099+00:00,random_k3_v15_c64_difficile,random,greedy,0,dp,ok,15,64,1204,1204,256,18467,0.130000,0.066000,12.161000,125.530000,243.480000,381.237000,398.642103,64,5,5,true,18004,401,965171728192,0,nice -n 19 ./sat_solver data/random/random_k3_v15_c64_difficile.cnf greedy --json,,,,,,,,,,,,,,,,,,
2026-05-04T16:55:46.405340+00:00,type3_n150_t5_s3_ordered,type3,greedy,0,dp,ok,150,800,60,60,3,30904,0.412000,2.675000,147.748000,134.947000,385.195000,670.566000,709.103623,800,overflow,overflow,true,53784,41205,1436400000,0,nice -n 19 ./sat_solver data/type3/type3_n150_t5_s3_ordered.cnf greedy --json,,,,,,,,,,,,,,,,,,
2026-05-04T16:55:46.510771+00:00,type3_n150_t5_s3_ordered,type3,linear,0,dp,ok,150,800,80,80,2,42343,0.291000,0.675000,199.609000,145.911000,423.016000,769.211000,808.351471,800,overflow,overflow,true,55511,35780,3404800000,0,nice -n 19 ./sat_solver data/type3/type3_n150_t5_s3_ordered.cnf linear --json,,,,,,,,,,,,,,,,,,
2026-05-04T16:55:46.677958+00:00,type1_v80_c100_ordered,type1,greedy,0,dp,ok,80,99,532,532,240,12661,0.205000,0.227000,13.366000,213.775000,753.158000,980.526000,1170.638099,99,overflow,overflow,true,963580,971476,188662666304,0,nice -n 19 ./sat_solver data/type1/type1_v80_c100_ordered.cnf greedy --json,,,,,,,,,,,,,,,,,,
2026-05-04T16:55:46.691942+00:00,type3_n120_t5_s3,type3,greedy,0,dp,ok,120,640,64,64,12,25568,0.339000,2.248000,130.343000,253.086000,629.507000,1015.184000,1057.312641,640,overflow,overflow,true,112400,66287,1394606080,0,nice -n 19 ./sat_solver data/type3/type3_n120_t5_s3.cnf greedy --json,,,,,,,,,,,,,,,,,,
2026-05-04T16:55:46.692472+00:00,type3_n30_t3_s2,type3,linear,0,dp,ok,30,60,49152,49152,2,389612,0.097000,0.038000,295.330000,128.122000,585.195000,1008.685000,1164.679379,60,32768,32768,true,750889,195972,74810771153879040,0,nice -n 19 ./sat_solver data/type3/type3_n30_t3_s2.cnf linear --json,,,,,,,,,,,,,,,,,,
2026-05-04T16:55:46.872666+00:00,type1_v50_c60,type1,linear,0,dp,ok,50,49,50500,50500,2,318228,0.099000,0.028000,425.813000,190.178000,670.156000,1286.175000,1372.266660,46,0,0,true,675,0,89249824125000000,0,nice -n 19 ./sat_solver data/type1/type1_v50_c60.cnf linear --json,,,,,,,,,,,,,,,,,,
2026-05-04T16:55:47.093116+00:00,type3_n150_t5_s3,type3,greedy,0,dp,ok,150,800,60,60,12,31812,0.399000,3.310000,205.119000,324.746000,836.430000,1369.605000,1433.472107,800,overflow,overflow,true,113420,72978,1436400000,0,nice -n 19 ./sat_solver data/type3/type3_n150_t5_s3.cnf greedy --json,,,,,,,,,,,,,,,,,,
2026-05-04T16:55:47.322998+00:00,type3_n1000_t3_s2,type3,greedy,0,dp,ok,1000,2000,8,8,6,13657,1.113000,36.616000,207.806000,498.655000,971.330000,1714.408000,1777.014114,2000,overflow,overflow,true,49405,49808,10752000,0,nice -n 19 ./sat_solver data/type3/type3_n1000_t3_s2.cnf greedy --json,,,,,,,,,,,,,,,,,,
2026-05-04T16:55:50.999972+00:00,random_k3_v20_c85_difficile,random,linear,0,dp,ok,20,85,70130,70130,2,1895106,0.156000,0.042000,1541.220000,785.236000,2501.310000,4827.808000,5094.132404,85,47,47,true,47591,3318,253512195129795000,0,nice -n 19 ./sat_solver data/random/random_k3_v20_c85_difficile.cnf linear --json,,,,,,,,,,,,,,,,,,
2026-05-04T16:55:55.072060+00:00,random_k3_v20_c85_difficile,random,greedy,0,dp,ok,20,85,16400,16400,1152,348536,0.131000,0.097000,320.187000,2918.614000,5864.422000,9103.319000,9190.089317,85,47,47,true,165695,3391,3242043840000000,0,nice -n 19 ./sat_solver data/random/random_k3_v20_c85_difficile.cnf greedy --json,,,,,,,,,,,,,,,,,,
2026-05-04T16:55:56.235501+00:00,random_k3_v30_c60_difficile,random,linear,0,dp,ok,30,60,313810,313810,2,4049403,0.082000,0.027000,3062.295000,1376.783000,5126.516000,9565.620000,10291.811556,60,333580,333580,true,1354987,335507,overflow,0,nice -n 19 ./sat_solver data/random/random_k3_v30_c60_difficile.cnf linear --json,,,,,,,,,,,,,,,,,,
2026-05-04T16:55:56.727311+00:00,type2_v50_c200_t4_ordered,type2,linear,0,dp,ok,50,200,131904,131904,2,2068427,0.146000,0.113000,2770.302000,1703.694000,6224.628000,10698.736000,11208.120005,200,16290859008,16290859008,true,1938576,443117,4016168689139712000,0,nice -n 19 ./sat_solver data/type2/type2_v50_c200_t4_ordered.cnf linear --json,,,,,,,,,,,,,,,,,,
2026-05-04T16:55:59.001696+00:00,type1_v150_c180_ordered,type1,greedy,0,dp,ok,150,179,1800,110,1800,72523,0.253000,0.519000,17.262000,3766.376000,9674.909000,13459.066000,13493.943679,177,0,0,true,553,0,13431096000000,0,nice -n 19 ./sat_solver data/type1/type1_v150_c180_ordered.cnf greedy --json,,,,,,,,,,,,,,,,,,
2026-05-04T16:55:59.404005+00:00,random_k4_v20_c50,random,linear,0,dp,ok,20,50,8670,8670,2,167948,0.120000,0.026000,104.904000,52.838000,184.272000,342.041000,400.181907,50,39644,39644,true,182347,108897,319340037870000,0,nice -n 19 ./sat_solver data/random/random_k4_v20_c50.cnf linear --json,,,,,,,,,,,,,,,,,,
2026-05-04T16:56:02.119030+00:00,type2_v100_c400_t3_ordered,type2,linear,0,dp,ok,100,400,147456,147456,2,1483599,0.192000,0.361000,4385.225000,2613.358000,9206.988000,16205.932000,16596.602644,391,0,0,true,293,0,overflow,0,nice -n 19 ./sat_solver data/type2/type2_v100_c400_t3_ordered.cnf linear --json,,,,,,,,,,,,,,,,,,
2026-05-04T16:56:04.199799+00:00,random_k4_v20_c50,random,greedy,0,dp,ok,20,50,3268,3268,576,43204,0.170000,0.059000,30.279000,2104.959000,4875.704000,7011.001000,7466.837796,50,39644,39644,true,3508743,973724,17101815767680,0,nice -n 19 ./sat_solver data/random/random_k4_v20_c50.cnf greedy --json,,,,,,,,,,,,,,,,,,
2026-05-04T16:56:04.544441+00:00,tseytin_3x3,tseytin,greedy,0,dp,ok,36,105,144,144,128,6824,0.121000,0.127000,6.227000,110.526000,217.426000,334.306000,346.681425,105,2,2,true,4139,360,2947166208,0,nice -n 19 ./sat_solver data/tseytin/3x3.dimacs greedy --json,,,,,,,,,,,,,,,,,,
2026-05-04T16:56:04.609050+00:00,tseytin_3x3,tseytin,linear,0,dp,ok,36,105,768,768,2,14322,0.120000,0.063000,16.543000,8.232000,24.275000,49.113000,64.040059,105,2,2,true,1014,361,447096029184,0,nice -n 19 ./sat_solver data/tseytin/3x3.dimacs linear --json,,,,,,,,,,,,,,,,,,
2026-05-04T16:56:04.923225+00:00,tseytin_pure_3x3,tseytin,greedy,0,dp,ok,36,99,144,144,128,5945,0.151000,0.127000,5.438000,98.511000,192.519000,296.595000,312.369371,99,64,64,true,17389,5656,2821754880,0,nice -n 19 ./sat_solver data/tseytin/pure_3x3.dimacs greedy --json,,,,,,,,,,,,,,,,,,
2026-05-04T16:56:04.988455+00:00,tseytin_pure_3x3,tseytin,linear,0,dp,ok,36,99,768,768,2,13310,0.114000,0.053000,14.133000,7.036000,26.127000,47.350000,60.853492,99,64,64,true,4947,3789,428070666240,0,nice -n 19 ./sat_solver data/tseytin/pure_3x3.dimacs linear --json,,,,,,,,,,,,,,,,,,
2026-05-04T16:56:05.214988+00:00,random_k3_v30_c60_difficile,random,greedy,0,dp,ok,30,60,7168,7168,3072,84621,0.129000,0.085000,49.283000,6049.041000,12793.249000,18891.658000,19303.256439,60,333580,333580,true,3493855,623954,232024870748160,0,nice -n 19 ./sat_solver data/random/random_k3_v30_c60_difficile.cnf greedy --json,,,,,,,,,,,,,,,,,,
2026-05-04T16:56:06.641852+00:00,tseytin_4x4,tseytin,linear,0,dp,ok,72,220,6144,6144,2,213653,0.143000,0.156000,433.624000,211.862000,717.820000,1363.463000,1428.580690,220,2,2,true,3960,813,474061310263296,0,nice -n 19 ./sat_solver data/tseytin/4x4.dimacs linear --json,,,,,,,,,,,,,,,,,,
2026-05-04T16:56:08.630331+00:00,type3_n150_t5_s3,type3,linear,0,dp,alloc_fail,,,,,,,,,,,,,22970.009691,,,,,,,,1,nice -n 19 ./sat_solver data/type3/type3_n150_t5_s3.cnf linear --json,trie ou DNNFPool a manque de memoire pendant la DP,,,,,,,,,,,,,,,,,
2026-05-04T16:56:10.000481+00:00,tseytin_pure_4x4,tseytin,linear,0,dp,ok,72,212,6144,6144,2,207263,0.123000,0.160000,416.103000,207.163000,676.945000,1300.371000,1368.110624,212,256,256,true,33962,25826,461073329160192,0,nice -n 19 ./sat_solver data/tseytin/pure_4x4.dimacs linear --json,,,,,,,,,,,,,,,,,,
2026-05-04T16:56:10.885363+00:00,type1_v500_c600,type1,linear,0,dp,alloc_fail,,,,,,,,,,,,,25373.056477,,,,,,,,1,nice -n 19 ./sat_solver data/type1/type1_v500_c600.cnf linear --json,trie ou DNNFPool a manque de memoire pendant la DP,,,,,,,,,,,,,,,,,
2026-05-04T16:56:14.836528+00:00,type3_n1000_t5_s3,type3,linear,0,dp,alloc_fail,,,,,,,,,,,,,29100.389385,,,,,,,,1,nice -n 19 ./sat_solver data/type3/type3_n1000_t5_s3.cnf linear --json,trie ou DNNFPool a manque de memoire pendant la DP,,,,,,,,,,,,,,,,,
2026-05-04T16:56:15.833892+00:00,type3_n5000_t3_s2,type3,linear,0,dp,alloc_fail,,,,,,,,,,,,,30282.490732,,,,,,,,1,nice -n 19 ./sat_solver data/type3/type3_n5000_t3_s2.cnf linear --json,trie ou DNNFPool a manque de memoire pendant la DP,,,,,,,,,,,,,,,,,
2026-05-04T16:56:17.140554+00:00,type2_v200_c800_t3,type2,linear,0,dp,alloc_fail,,,,,,,,,,,,,31618.937695,,,,,,,,1,nice -n 19 ./sat_solver data/type2/type2_v200_c800_t3.cnf linear --json,trie ou DNNFPool a manque de memoire pendant la DP,,,,,,,,,,,,,,,,,
2026-05-04T16:56:17.461101+00:00,type3_n120_t5_s3,type3,linear,0,dp,alloc_fail,,,,,,,,,,,,,31819.859927,,,,,,,,1,nice -n 19 ./sat_solver data/type3/type3_n120_t5_s3.cnf linear --json,trie ou DNNFPool a manque de memoire pendant la DP,,,,,,,,,,,,,,,,,
2026-05-04T16:56:19.303186+00:00,type1_v150_c180,type1,greedy,0,dp,ok,150,152,5616,5616,61,263258,0.288000,0.659000,525.924000,7138.873000,23864.836000,31530.292000,33796.085699,152,overflow,overflow,true,24341837,1053677,374443486470144,0,nice -n 19 ./sat_solver data/type1/type1_v150_c180.cnf greedy --json,,,,,,,,,,,,,,,,,,
2026-05-04T16:56:19.450487+00:00,type2_v500_c2000_t3_ordered,type2,linear,0,dp,alloc_fail,,,,,,,,,,,,,33922.360611,,,,,,,,1,nice -n 19 ./sat_solver data/type2/type2_v500_c2000_t3_ordered.cnf linear --json,trie ou DNNFPool a manque de memoire pendant la DP,,,,,,,,,,,,,,,,,
2026-05-04T16:56:19.965159+00:00,type3_n10000_t3_s2,type3,linear,0,dp,crash,,,,,,,,,,,,,34412.377718,,,,,,,,-11,nice -n 19 ./sat_solver data/type3/type3_n10000_t3_s2.cnf linear --json,segfault,,,,,,,,,,,,,,,,,
2026-05-04T16:56:21.693546+00:00,random_k3_v50_c400_difficile,random,linear,0,dp,alloc_fail,,,,,,,,,,,,,35014.982029,,,,,,,,1,nice -n 19 ./sat_solver data/random/random_k3_v50_c400_difficile.cnf linear --json,trie ou DNNFPool a manque de memoire pendant la DP,,,,,,,,,,,,,,,,,
2026-05-04T16:56:22.348337+00:00,type3_n200_t3_s2,type3,linear,0,dp,alloc_fail,,,,,,,,,,,,,36809.666313,,,,,,,,1,nice -n 19 ./sat_solver data/type3/type3_n200_t3_s2.cnf linear --json,trie ou DNNFPool a manque de memoire pendant la DP,,,,,,,,,,,,,,,,,
2026-05-04T16:56:22.522935+00:00,random_k3_v100_c426_difficile,random,linear,0,dp,alloc_fail,,,,,,,,,,,,,31521.085447,,,,,,,,1,nice -n 19 ./sat_solver data/random/random_k3_v100_c426_difficile.cnf linear --json,trie ou DNNFPool a manque de memoire pendant la DP,,,,,,,,,,,,,,,,,
2026-05-04T16:56:23.025710+00:00,type3_n60_t5_s3,type3,linear,0,dp,alloc_fail,,,,,,,,,,,,,37460.320177,,,,,,,,1,nice -n 19 ./sat_solver data/type3/type3_n60_t5_s3.cnf linear --json,trie ou DNNFPool a manque de memoire pendant la DP,,,,,,,,,,,,,,,,,
2026-05-04T16:56:23.561863+00:00,type2_v2000_c8000_t3,type2,linear,0,dp,alloc_fail,,,,,,,,,,,,,38028.766439,,,,,,,,1,nice -n 19 ./sat_solver data/type2/type2_v2000_c8000_t3.cnf linear --json,trie ou DNNFPool a manque de memoire pendant la DP,,,,,,,,,,,,,,,,,
2026-05-04T16:56:23.562565+00:00,type3_n1000_t3_s2,type3,linear,0,dp,alloc_fail,,,,,,,,,,,,,38012.764309,,,,,,,,1,nice -n 19 ./sat_solver data/type3/type3_n1000_t3_s2.cnf linear --json,trie ou DNNFPool a manque de memoire pendant la DP,,,,,,,,,,,,,,,,,
2026-05-04T16:56:24.065762+00:00,type3_n90_t5_s3,type3,linear,0,dp,alloc_fail,,,,,,,,,,,,,38485.637037,,,,,,,,1,nice -n 19 ./sat_solver data/type3/type3_n90_t5_s3.cnf linear --json,trie ou DNNFPool a manque de memoire pendant la DP,,,,,,,,,,,,,,,,,
2026-05-04T16:56:26.054718+00:00,random_k3_v50_c400_difficile,random,greedy,0,dp,alloc_fail,,,,,,,,,,,,,39543.087838,,,,,,,,1,nice -n 19 ./sat_solver data/random/random_k3_v50_c400_difficile.cnf greedy --json,trie ou DNNFPool a manque de memoire pendant la DP,,,,,,,,,,,,,,,,,
2026-05-04T16:56:27.314074+00:00,type2_v100_c400_t3,type2,linear,0,dp,alloc_fail,,,,,,,,,,,,,41792.587123,,,,,,,,1,nice -n 19 ./sat_solver data/type2/type2_v100_c400_t3.cnf linear --json,trie ou DNNFPool a manque de memoire pendant la DP,,,,,,,,,,,,,,,,,
2026-05-04T16:56:27.403980+00:00,random_k3_v15_c64_difficile,random,random,0,dp,ok,15,64,526,526,526,3421,0.106000,0.032000,5.530000,9.807000,58.971000,74.339000,88.051510,64,5,5,true,4491,276,80478961528,0,nice -n 19 ./sat_solver data/random/random_k3_v15_c64_difficile.cnf random --json,,,,,,,,,,,,,,,,,,
2026-05-04T16:56:27.481704+00:00,random_k3_v15_c64_difficile,random,random,1,dp,ok,15,64,526,526,526,3421,0.074000,0.019000,4.247000,7.685000,53.731000,65.683000,79.416761,64,5,5,true,4491,276,80478961528,0,nice -n 19 ./sat_solver data/random/random_k3_v15_c64_difficile.cnf random --json,,,,,,,,,,,,,,,,,,
2026-05-04T16:56:27.575431+00:00,random_k3_v15_c64_difficile,random,random,2,dp,ok,15,64,526,526,526,3421,0.092000,0.030000,5.529000,10.124000,59.321000,75.003000,92.145462,64,5,5,true,4491,276,80478961528,0,nice -n 19 ./sat_solver data/random/random_k3_v15_c64_difficile.cnf random --json,,,,,,,,,,,,,,,,,,
2026-05-04T16:56:27.657054+00:00,type3_n100_t3_s2,type3,linear,0,dp,alloc_fail,,,,,,,,,,,,,42127.278231,,,,,,,,1,nice -n 19 ./sat_solver data/type3/type3_n100_t3_s2.cnf linear --json,trie ou DNNFPool a manque de memoire pendant la DP,,,,,,,,,,,,,,,,,
2026-05-04T16:56:28.419024+00:00,random_k3_v50_c213_difficile,random,linear,0,dp,alloc_fail,,,,,,,,,,,,,42011.651546,,,,,,,,1,nice -n 19 ./sat_solver data/random/random_k3_v50_c213_difficile.cnf linear --json,trie ou DNNFPool a manque de memoire pendant la DP,,,,,,,,,,,,,,,,,
2026-05-04T16:56:28.599228+00:00,random_k3_v200_c852_difficile,random,linear,0,dp,alloc_fail,,,,,,,,,,,,,32366.470799,,,,,,,,1,nice -n 19 ./sat_solver data/random/random_k3_v200_c852_difficile.cnf linear --json,trie ou DNNFPool a manque de memoire pendant la DP,,,,,,,,,,,,,,,,,
2026-05-04T16:56:28.782786+00:00,type2_v500_c2000_t3,type2,linear,0,dp,alloc_fail,,,,,,,,,,,,,43259.365152,,,,,,,,1,nice -n 19 ./sat_solver data/type2/type2_v500_c2000_t3.cnf linear --json,trie ou DNNFPool a manque de memoire pendant la DP,,,,,,,,,,,,,,,,,
2026-05-04T16:56:28.940984+00:00,type3_n5000_t3_s2,type3,greedy,0,dp,ok,5000,10000,8,8,6,68336,33.267000,1113.929000,4912.897000,12351.726000,23969.369000,42347.921000,43389.245550,10000,overflow,overflow,true,247433,249782,53760000,0,nice -n 19 ./sat_solver data/type3/type3_n5000_t3_s2.cnf greedy --json,,,,,,,,,,,,,,,,,,
2026-05-04T16:56:29.559864+00:00,type2_v100_c400_t4,type2,linear,0,dp,alloc_fail,,,,,,,,,,,,,44039.638041,,,,,,,,1,nice -n 19 ./sat_solver data/type2/type2_v100_c400_t4.cnf linear --json,trie ou DNNFPool a manque de memoire pendant la DP,,,,,,,,,,,,,,,,,
2026-05-04T16:56:31.635744+00:00,random_k3_v100_c426_difficile,random,greedy,0,dp,alloc_fail,,,,,,,,,,,,,44314.583940,,,,,,,,1,nice -n 19 ./sat_solver data/random/random_k3_v100_c426_difficile.cnf greedy --json,trie ou DNNFPool a manque de memoire pendant la DP,,,,,,,,,,,,,,,,,
2026-05-04T16:56:31.768781+00:00,type2_v1000_c4000_t3,type2,linear,0,dp,alloc_fail,,,,,,,,,,,,,46244.054069,,,,,,,,1,nice -n 19 ./sat_solver data/type2/type2_v1000_c4000_t3.cnf linear --json,trie ou DNNFPool a manque de memoire pendant la DP,,,,,,,,,,,,,,,,,
2026-05-04T16:56:33.602827+00:00,tseytin_5x5,tseytin,linear,0,dp,ok,120,375,24576,24576,2,1860816,0.174000,0.344000,7329.015000,2948.800000,11652.799000,21930.957000,22716.349699,375,2,2,true,11991,1327,51432405168291840,0,nice -n 19 ./sat_solver data/tseytin/5x5.dimacs linear --json,,,,,,,,,,,,,,,,,,
2026-05-04T16:56:33.695593+00:00,random_k3_v200_c852_difficile,random,greedy,0,dp,alloc_fail,,,,,,,,,,,,,38619.801582,,,,,,,,1,nice -n 19 ./sat_solver data/random/random_k3_v200_c852_difficile.cnf greedy --json,trie ou DNNFPool a manque de memoire pendant la DP,,,,,,,,,,,,,,,,,
2026-05-04T16:56:34.703600+00:00,random_k3_v30_c240_difficile,random,linear,0,dp,alloc_fail,,,,,,,,,,,,,48621.905446,,,,,,,,1,nice -n 19 ./sat_solver data/random/random_k3_v30_c240_difficile.cnf linear --json,trie ou DNNFPool a manque de memoire pendant la DP,,,,,,,,,,,,,,,,,
2026-05-04T16:56:36.438592+00:00,tseytin_pure_5x5,tseytin,linear,0,dp,ok,120,365,24576,24576,2,1821912,0.172000,0.389000,6632.763000,2924.407000,10452.341000,20009.900000,20602.740553,365,1024,1024,true,194801,147352,50393366680043520,0,nice -n 19 ./sat_solver data/tseytin/pure_5x5.dimacs linear --json,,,,,,,,,,,,,,,,,,
2026-05-04T16:56:39.095504+00:00,factorization_5x5_464d,factorization,linear,0,dp,ok,120,375,24576,24576,2,1860816,0.198000,0.324000,6963.912000,3107.676000,10954.654000,21026.566000,21631.503845,375,2,2,true,11991,1327,51432405168291840,0,nice -n 19 ./sat_solver data/factorization/5x5_464d.dimacs linear --json,,,,,,,,,,,,,,,,,,
2026-05-04T16:56:39.712750+00:00,factorization_5x5_464d_simplified,factorization,linear,0,dp,ok,120,357,24576,24576,2,1812013,0.166000,0.425000,6428.945000,2934.900000,10322.596000,19686.866000,20265.007015,357,2,2,true,11719,1299,49562135889444864,0,nice -n 19 ./sat_solver data/factorization/5x5_464d_simplified.dimacs linear --json,,,,,,,,,,,,,,,,,,
2026-05-04T16:56:44.877100+00:00,random_k3_v80_c200,random,linear,0,dp,alloc_fail,,,,,,,,,,,,,58183.341830,,,,,,,,1,nice -n 19 ./sat_solver data/random/random_k3_v80_c200.cnf linear --json,trie ou DNNFPool a manque de memoire pendant la DP,,,,,,,,,,,,,,,,,
2026-05-04T16:56:46.737457+00:00,random_k3_v100_c200_difficile,random,linear,0,dp,alloc_fail,,,,,,,,,,,,,59646.703710,,,,,,,,1,nice -n 19 ./sat_solver data/random/random_k3_v100_c200_difficile.cnf linear --json,trie ou DNNFPool a manque de memoire pendant la DP,,,,,,,,,,,,,,,,,
2026-05-04T16:56:47.350488+00:00,random_k3_v30_c128_difficile,random,linear,0,dp,alloc_fail,,,,,,,,,,,,,61302.146871,,,,,,,,1,nice -n 19 ./sat_solver data/random/random_k3_v30_c128_difficile.cnf linear --json,trie ou DNNFPool a manque de memoire pendant la DP,,,,,,,,,,,,,,,,,
2026-05-04T16:56:50.792738+00:00,random_k3_v30_c240_difficile,random,greedy,0,dp,alloc_fail,,,,,,,,,,,,,64725.648341,,,,,,,,1,nice -n 19 ./sat_solver data/random/random_k3_v30_c240_difficile.cnf greedy --json,trie ou DNNFPool a manque de memoire pendant la DP,,,,,,,,,,,,,,,,,
2026-05-04T16:56:51.306782+00:00,type2_v50_c200_t3,type2,linear,0,dp,alloc_fail,,,,,,,,,,,,,65790.071845,,,,,,,,1,nice -n 19 ./sat_solver data/type2/type2_v50_c200_t3.cnf linear --json,trie ou DNNFPool a manque de memoire pendant la DP,,,,,,,,,,,,,,,,,
2026-05-04T16:56:51.541934+00:00,type2_v100_c400_t4_ordered,type2,linear,0,dp,ok,100,400,174144,174144,2,6032720,0.323000,0.494000,20570.835000,9148.580000,33192.888000,62912.796000,66020.749285,400,74649816583372800,74649816583372800,true,1504315,4790,overflow,0,nice -n 19 ./sat_solver data/type2/type2_v100_c400_t4_ordered.cnf linear --json,,,,,,,,,,,,,,,,,,
2026-05-04T16:56:52.157425+00:00,type2_v200_c800_t3,type2,greedy,0,dp,alloc_fail,,,,,,,,,,,,,66634.438418,,,,,,,,1,nice -n 19 ./sat_solver data/type2/type2_v200_c800_t3.cnf greedy --json,trie ou DNNFPool a manque de memoire pendant la DP,,,,,,,,,,,,,,,,,
2026-05-04T16:56:53.107616+00:00,type2_v2000_c8000_t3,type2,greedy,0,dp,alloc_fail,,,,,,,,,,,,,67581.047375,,,,,,,,1,nice -n 19 ./sat_solver data/type2/type2_v2000_c8000_t3.cnf greedy --json,trie ou DNNFPool a manque de memoire pendant la DP,,,,,,,,,,,,,,,,,
2026-05-04T16:56:57.993634+00:00,type2_v50_c200_t4,type2,linear,0,dp,alloc_fail,,,,,,,,,,,,,72474.688917,,,,,,,,1,nice -n 19 ./sat_solver data/type2/type2_v50_c200_t4.cnf linear --json,trie ou DNNFPool a manque de memoire pendant la DP,,,,,,,,,,,,,,,,,
2026-05-04T16:56:58.134776+00:00,type3_n1000_t5_s3,type3,greedy,0,dp,ok,1000,5328,60,60,12,211946,3.938000,116.142000,7631.640000,18265.928000,45478.902000,71492.611000,72417.966740,5328,overflow,overflow,true,1011659,588179,9567936000,0,nice -n 19 ./sat_solver data/type3/type3_n1000_t5_s3.cnf greedy --json,,,,,,,,,,,,,,,,,,
2026-05-04T16:57:04.429574+00:00,random_k3_v50_c213_difficile,random,greedy,0,dp,alloc_fail,,,,,,,,,,,,,78160.329217,,,,,,,,1,nice -n 19 ./sat_solver data/random/random_k3_v50_c213_difficile.cnf greedy --json,trie ou DNNFPool a manque de memoire pendant la DP,,,,,,,,,,,,,,,,,
2026-05-04T16:57:05.822771+00:00,type2_v1000_c4000_t3,type2,greedy,0,dp,alloc_fail,,,,,,,,,,,,,80298.258112,,,,,,,,1,nice -n 19 ./sat_solver data/type2/type2_v1000_c4000_t3.cnf greedy --json,trie ou DNNFPool a manque de memoire pendant la DP,,,,,,,,,,,,,,,,,
2026-05-04T16:57:06.001852+00:00,type3_n10000_t3_s2,type3,greedy,0,dp,crash,,,,,,,,,,,,,80450.119981,,,,,,,,-11,nice -n 19 ./sat_solver data/type3/type3_n10000_t3_s2.cnf greedy --json,segfault,,,,,,,,,,,,,,,,,
2026-05-04T16:57:10.121518+00:00,random_k3_v40_c100,random,linear,0,dp,alloc_fail,,,,,,,,,,,,,83947.791117,,,,,,,,1,nice -n 19 ./sat_solver data/random/random_k3_v40_c100.cnf linear --json,trie ou DNNFPool a manque de memoire pendant la DP,,,,,,,,,,,,,,,,,
2026-05-04T16:57:17.619997+00:00,type1_v500_c600_ordered,type1,linear,0,dp,ok,500,508,77769,77769,2,3208564,1.382000,1.569000,26345.630000,9156.871000,55439.482000,90943.553000,92106.812770,507,0,0,true,1272,0,3318777337713529104,0,nice -n 19 ./sat_solver data/type1/type1_v500_c600_ordered.cnf linear --json,,,,,,,,,,,,,,,,,,
2026-05-04T16:57:22.054577+00:00,type3_n60_t3_s2,type3,linear,0,dp,alloc_fail,,,,,,,,,,,,,96526.719610,,,,,,,,1,nice -n 19 ./sat_solver data/type3/type3_n60_t3_s2.cnf linear --json,trie ou DNNFPool a manque de memoire pendant la DP,,,,,,,,,,,,,,,,,
2026-05-04T16:57:22.656885+00:00,type2_v100_c400_t3,type2,random,0,dp,alloc_fail,,,,,,,,,,,,,60133.015171,,,,,,,,1,nice -n 19 ./sat_solver data/type2/type2_v100_c400_t3.cnf random --json,trie ou DNNFPool a manque de memoire pendant la DP,,,,,,,,,,,,,,,,,
2026-05-04T16:57:24.520443+00:00,random_k4_v40_c100,random,linear,0,dp,alloc_fail,,,,,,,,,,,,,82402.256487,,,,,,,,1,nice -n 19 ./sat_solver data/random/random_k4_v40_c100.cnf linear --json,trie ou DNNFPool a manque de memoire pendant la DP,,,,,,,,,,,,,,,,,
2026-05-04T16:57:29.819062+00:00,random_k3_v80_c200,random,greedy,0,dp,alloc_fail,,,,,,,,,,,,,103125.197597,,,,,,,,1,nice -n 19 ./sat_solver data/random/random_k3_v80_c200.cnf greedy --json,trie ou DNNFPool a manque de memoire pendant la DP,,,,,,,,,,,,,,,,,
2026-05-04T16:57:33.306486+00:00,type2_v500_c2000_t3,type2,greedy,0,dp,alloc_fail,,,,,,,,,,,,,107781.288884,,,,,,,,1,nice -n 19 ./sat_solver data/type2/type2_v500_c2000_t3.cnf greedy --json,trie ou DNNFPool a manque de memoire pendant la DP,,,,,,,,,,,,,,,,,
2026-05-04T16:57:39.782521+00:00,random_k3_v100_c200_difficile,random,greedy,0,dp,alloc_fail,,,,,,,,,,,,,112905.891735,,,,,,,,1,nice -n 19 ./sat_solver data/random/random_k3_v100_c200_difficile.cnf greedy --json,trie ou DNNFPool a manque de memoire pendant la DP,,,,,,,,,,,,,,,,,
2026-05-04T16:57:40.562489+00:00,type1_v500_c600,type1,greedy,0,dp,alloc_fail,,,,,,,,,,,,,115049.942467,,,,,,,,1,nice -n 19 ./sat_solver data/type1/type1_v500_c600.cnf greedy --json,trie ou DNNFPool a manque de memoire pendant la DP,,,,,,,,,,,,,,,,,
2026-05-04T16:57:43.177848+00:00,type1_v200_c250,type1,linear,0,dp,alloc_fail,,,,,,,,,,,,,117666.248739,,,,,,,,1,nice -n 19 ./sat_solver data/type1/type1_v200_c250.cnf linear --json,trie ou DNNFPool a manque de memoire pendant la DP,,,,,,,,,,,,,,,,,
2026-05-04T16:57:44.417749+00:00,type1_v150_c180,type1,linear,0,dp,alloc_fail,,,,,,,,,,,,,118910.048905,,,,,,,,1,nice -n 19 ./sat_solver data/type1/type1_v150_c180.cnf linear --json,trie ou DNNFPool a manque de memoire pendant la DP,,,,,,,,,,,,,,,,,
2026-05-04T16:57:54.478451+00:00,type2_v200_c800_t3_ordered,type2,linear,0,dp,alloc_fail,,,,,,,,,,,,,128954.018906,,,,,,,,1,nice -n 19 ./sat_solver data/type2/type2_v200_c800_t3_ordered.cnf linear --json,trie ou DNNFPool a manque de memoire pendant la DP,,,,,,,,,,,,,,,,,
2026-05-04T16:59:10.338943+00:00,type1_v50_c60,type1,random,1,dp,ok,50,49,1680,1680,1056,8814,0.137000,0.036000,572.686000,391.715000,167607.716000,168572.154000,168646.187431,46,0,0,true,650200,0,3285950976000,0,nice -n 19 ./sat_solver data/type1/type1_v50_c60.cnf random --json,,,,,,,,,,,,,,,,,,
2026-05-04T16:59:10.740427+00:00,random_k3_v50_c100_difficile,random,linear,0,dp,alloc_fail,,,,,,,,,,,,,204480.292198,,,,,,,,1,nice -n 19 ./sat_solver data/random/random_k3_v50_c100_difficile.cnf linear --json,trie ou DNNFPool a manque de memoire pendant la DP,,,,,,,,,,,,,,,,,
2026-05-04T16:59:15.107660+00:00,type3_n100_t3_s2,type3,random,2,dp,alloc_fail,,,,,,,,,,,,,169051.729951,,,,,,,,1,nice -n 19 ./sat_solver data/type3/type3_n100_t3_s2.cnf random --json,trie ou DNNFPool a manque de memoire pendant la DP,,,,,,,,,,,,,,,,,
2026-05-04T16:59:31.963656+00:00,type1_v80_c100,type1,linear,0,dp,alloc_fail,,,,,,,,,,,,,226457.776064,,,,,,,,1,nice -n 19 ./sat_solver data/type1/type1_v80_c100.cnf linear --json,trie ou DNNFPool a manque de memoire pendant la DP,,,,,,,,,,,,,,,,,
2026-05-04T16:59:51.610509+00:00,tseytin_pure_4x4,tseytin,greedy,0,dp,ok,72,212,8192,7168,8192,218709,0.198000,0.396000,277.138000,70682.751000,153818.803000,224779.088000,224964.036693,212,256,256,true,799835,58406,1092914558009344,0,nice -n 19 ./sat_solver data/tseytin/pure_4x4.dimacs greedy --json,,,,,,,,,,,,,,,,,,
2026-05-04T17:00:16.392625+00:00,tseytin_4x4,tseytin,greedy,0,dp,ok,72,220,8192,7168,8192,224486,0.213000,0.378000,310.833000,79574.415000,171432.193000,251317.819000,251405.184117,220,2,2,true,116732,834,1123700883587072,0,nice -n 19 ./sat_solver data/tseytin/4x4.dimacs greedy --json,,,,,,,,,,,,,,,,,,
2026-05-04T17:00:57.155984+00:00,type2_v500_c2000_t3_ordered,type2,greedy,0,dp,alloc_fail,,,,,,,,,,,,,311631.911750,,,,,,,,1,nice -n 19 ./sat_solver data/type2/type2_v500_c2000_t3_ordered.cnf greedy --json,trie ou DNNFPool a manque de memoire pendant la DP,,,,,,,,,,,,,,,,,
2026-05-04T17:01:52.850076+00:00,type1_v500_c600_ordered,type1,greedy,0,dp,alloc_fail,,,,,,,,,,,,,367337.065105,,,,,,,,1,nice -n 19 ./sat_solver data/type1/type1_v500_c600_ordered.cnf greedy --json,trie ou DNNFPool a manque de memoire pendant la DP,,,,,,,,,,,,,,,,,
2026-05-04T17:02:38.393807+00:00,tseytin_3x3,tseytin,random,1,dp,crash,,,,,,,,,,,,,370735.757766,,,,,,,,-11,nice -n 19 ./sat_solver data/tseytin/3x3.dimacs random --json,segfault,,,,,,,,,,,,,,,,,
2026-05-04T17:02:40.182585+00:00,tseytin_3x3,tseytin,random,0,dp,crash,,,,,,,,,,,,,372605.647122,,,,,,,,-11,nice -n 19 ./sat_solver data/tseytin/3x3.dimacs random --json,segfault,,,,,,,,,,,,,,,,,
2026-05-04T17:04:28.151463+00:00,type1_v50_c60,type1,random,2,dp,ok,50,49,39040,39040,1860,96236,0.093000,0.034000,971.514000,16358.134000,468018.713000,485348.395000,485801.620721,46,0,0,true,6653891,0,41234683133952000,0,nice -n 19 ./sat_solver data/type1/type1_v50_c60.cnf random --json,,,,,,,,,,,,,,,,,,
2026-05-04T17:04:32.511505+00:00,type2_v100_c400_t3,type2,random,2,dp,alloc_fail,,,,,,,,,,,,,488951.017564,,,,,,,,1,nice -n 19 ./sat_solver data/type2/type2_v100_c400_t3.cnf random --json,trie ou DNNFPool a manque de memoire pendant la DP,,,,,,,,,,,,,,,,,
2026-05-04T17:04:38.939965+00:00,type2_v100_c400_t3,type2,random,1,dp,alloc_fail,,,,,,,,,,,,,495915.884970,,,,,,,,1,nice -n 19 ./sat_solver data/type2/type2_v100_c400_t3.cnf random --json,trie ou DNNFPool a manque de memoire pendant la DP,,,,,,,,,,,,,,,,,
2026-05-04T17:05:01.970191+00:00,tseytin_3x3,tseytin,random,2,dp,crash,,,,,,,,,,,,,513552.681088,,,,,,,,-11,nice -n 19 ./sat_solver data/tseytin/3x3.dimacs random --json,segfault,,,,,,,,,,,,,,,,,
2026-05-04T17:05:27.711346+00:00,type1_v200_c250,type1,greedy,0,dp,ok,200,213,21000,258,21000,1343240,0.391000,1.051000,53.797000,159573.128000,422039.383000,581667.359000,582200.182131,210,0,0,true,415,0,26773551000000000,0,nice -n 19 ./sat_solver data/type1/type1_v200_c250.cnf greedy --json,,,,,,,,,,,,,,,,,,
2026-05-04T17:10:59.050090+00:00,random_k4_v40_c100,random,greedy,0,dp,crash,,,,,,,,,,,,,899644.417627,,,,,,,,-11,nice -n 19 ./sat_solver data/random/random_k4_v40_c100.cnf greedy --json,segfault,,,,,,,,,,,,,,,,,
2026-05-04T17:11:52.356550+00:00,type1_v50_c60,type1,random,0,dp,ok,50,49,8400,1792,8400,18288,0.128000,0.035000,710.971000,1956.834000,929681.297000,932349.137000,932390.273171,46,0,0,true,79954,0,410743872000000,0,nice -n 19 ./sat_solver data/type1/type1_v50_c60.cnf random --json,,,,,,,,,,,,,,,,,,
2026-05-04T17:13:48.816134+00:00,type1_v200_c250_ordered,type1,greedy,0,dp,crash,,,,,,,,,,,,,1083304.280598,,,,,,,,-11,nice -n 19 ./sat_solver data/type1/type1_v200_c250_ordered.cnf greedy --json,segfault,,,,,,,,,,,,,,,,,
2026-05-04T17:16:58.961124+00:00,random_k3_v30_c128_difficile,random,greedy,0,dp,crash,,,,,,,,,,,,,1273007.873795,,,,,,,,-11,nice -n 19 ./sat_solver data/random/random_k3_v30_c128_difficile.cnf greedy --json,segfault,,,,,,,,,,,,,,,,,
2026-05-04T17:20:29.603102+00:00,random_k3_v50_c100_difficile,random,greedy,0,dp,crash,,,,,,,,,,,,,1483384.002574,,,,,,,,-11,nice -n 19 ./sat_solver data/random/random_k3_v50_c100_difficile.cnf greedy --json,segfault,,,,,,,,,,,,,,,,,
2026-05-04T17:23:09.253134+00:00,random_k3_v40_c100,random,greedy,0,dp,crash,,,,,,,,,,,,,1643129.289756,,,,,,,,-11,nice -n 19 ./sat_solver data/random/random_k3_v40_c100.cnf greedy --json,segfault,,,,,,,,,,,,,,,,,
2026-05-04T17:26:39.682956+00:00,type3_n100_t3_s2,type3,random,1,dp,alloc_fail,,,,,,,,,,,,,1815615.601689,,,,,,,,1,nice -n 19 ./sat_solver data/type3/type3_n100_t3_s2.cnf random --json,trie ou DNNFPool a manque de memoire pendant la DP,,,,,,,,,,,,,,,,,
2026-05-04T17:56:10.639872+00:00,tseytin_5x5,tseytin,greedy,0,dp,timeout,,,,,,,,,,,,,3600637.511761,,,,,,,,,nice -n 19 ./sat_solver data/tseytin/5x5.dimacs greedy --json,timeout after 3600s,,,,,,,,,,,,,,,,,
2026-05-04T17:56:15.471101+00:00,tseytin_pure_5x5,tseytin,greedy,0,dp,timeout,,,,,,,,,,,,,3600636.453353,,,,,,,,,nice -n 19 ./sat_solver data/tseytin/pure_5x5.dimacs greedy --json,timeout after 3600s,,,,,,,,,,,,,,,,,
2026-05-04T17:56:17.899440+00:00,factorization_5x5_464d,factorization,greedy,0,dp,timeout,,,,,,,,,,,,,3600757.205729,,,,,,,,,nice -n 19 ./sat_solver data/factorization/5x5_464d.dimacs greedy --json,timeout after 3600s,,,,,,,,,,,,,,,,,
2026-05-04T17:56:20.020081+00:00,factorization_5x5_464d_simplified,factorization,greedy,0,dp,timeout,,,,,,,,,,,,,3600716.032303,,,,,,,,,nice -n 19 ./sat_solver data/factorization/5x5_464d_simplified.dimacs greedy --json,timeout after 3600s,,,,,,,,,,,,,,,,,
2026-05-04T17:56:27.055708+00:00,type3_n100_t3_s2,type3,random,0,dp,timeout,,,,,,,,,,,,,3603493.475958,,,,,,,,,nice -n 19 ./sat_solver data/type3/type3_n100_t3_s2.cnf random --json,timeout after 3600s,,,,,,,,,,,,,,,,,
2026-05-04T18:44:31.244488+00:00,type1_v30_c40,type1,greedy,0,dp_query,ok,30,27,16,8,16,362,0.085000,0.051000,0.156000,0.789000,5.424000,6.420000,66.719265,27,218503168,218503168,true,4075,6127,1634304,0,taskset -c 16 nice -n 19 ./sat_solver data/type1/type1_v30_c40.cnf greedy --json-with-queries,,,0.045355,0.044485,0.044366,0.045846,1.159912,4.460966,0.001825,,,1,0,1,0,218503168,5,true
2026-05-04T18:44:31.245129+00:00,type1_v30_c40_ordered,type1,greedy,0,dp_query,ok,30,38,18,18,12,662,0.098000,0.059000,0.298000,1.216000,2.487000,4.059000,66.711645,38,263422857,263422857,true,5900,9356,2776032,0,taskset -c 24 nice -n 19 ./sat_solver data/type1/type1_v30_c40_ordered.cnf greedy --json-with-queries,,,0.084621,0.077861,0.076422,0.083901,0.892308,5.092830,0.001970,,,1,0,1,0,263422857,5,true
2026-05-04T18:44:31.275405+00:00,type1_v50_c60,type1,greedy,0,dp_query,ok,50,49,56,56,6,734,0.091000,0.098000,0.610000,4.268000,3.017000,7.992000,30.299751,46,0,0,true,145,0,121701888,0,taskset -c 0 nice -n 19 ./sat_solver data/type1/type1_v50_c60.cnf greedy --json-with-queries,,,0.000035,0.000035,0.000035,,0.000035,0.000040,,,,0,-1,-1,-1,0,5,true
2026-05-04T18:44:31.315095+00:00,type1_v80_c100,type1,greedy,0,dp_query,ok,80,93,32,32,14,1416,0.115000,0.242000,1.761000,6.366000,11.320000,19.688000,39.162044,91,0,0,true,14884,0,39682048,0,taskset -c 16 nice -n 19 ./sat_solver data/type1/type1_v80_c100.cnf greedy --json-with-queries,,,0.000040,0.000030,0.000040,,0.000040,0.000040,,,,0,-1,-1,-1,0,5,true
2026-05-04T18:44:31.396837+00:00,type1_v50_c60_ordered,type1,greedy,0,dp_query,ok,50,57,30,18,30,996,0.110000,0.104000,0.616000,9.711000,6.433000,16.865000,151.401056,57,158597616286976,158597616286976,true,11633,15038,20223000,0,taskset -c 8 nice -n 19 ./sat_solver data/type1/type1_v50_c60_ordered.cnf greedy --json-with-queries,,,0.167102,0.164483,0.160387,0.162577,5.258798,13.755795,0.003435,,,1,0,1,0,158597616286976,5,true
2026-05-04T18:44:31.719515+00:00,type1_v20_c25,type1,greedy,0,dp_query,ok,20,24,12,12,6,191,0.082000,0.032000,0.107000,0.448000,0.416000,1.003000,547.992628,24,194320,194320,true,1097,959,532224,0,taskset -c 0 nice -n 19 ./sat_solver data/type1/type1_v20_c25.cnf greedy --json-with-queries,,,0.007805,0.007940,0.007670,0.008350,0.156662,0.595804,0.001050,107.327659,194320,1,0,1,0,194320,5,false
2026-05-04T18:44:32.795053+00:00,type1_v20_c25_ordered,type1,greedy,0,dp_query,ok,20,25,24,24,10,386,0.087000,0.034000,0.204000,0.786000,7.614000,8.639000,1617.637340,25,561310,561310,true,4891,4577,4354560,0,taskset -c 8 nice -n 19 ./sat_solver data/type1/type1_v20_c25_ordered.cnf greedy --json-with-queries,,,0.033510,0.035331,0.033875,0.034350,0.436181,1.847822,0.000915,363.561159,561310,1,0,1,0,561310,5,false
2026-05-04T18:44:32.819768+00:00,type2_v25_c100_t3,type2,greedy,0,dp_query,ok,25,100,26,26,8,1036,0.097000,0.124000,1.101000,2.043000,3.300000,6.567000,21.305128,98,0,0,true,137,0,15379000,0,taskset -c 16 nice -n 19 ./sat_solver data/type2/type2_v25_c100_t3.cnf greedy --json-with-queries,,,0.000035,0.000030,0.000030,,0.000035,0.000040,,,,0,-1,-1,-1,0,5,true
2026-05-04T18:44:32.846129+00:00,type2_v25_c100_t3_ordered,type2,greedy,0,dp_query,ok,25,88,28,28,3,845,0.092000,0.096000,0.831000,0.925000,8.371000,10.223000,28.479434,85,0,0,true,71,0,17364032,0,taskset -c 24 nice -n 19 ./sat_solver data/type2/type2_v25_c100_t3_ordered.cnf greedy --json-with-queries,,,0.000030,0.000030,0.000040,,0.000035,0.000030,,,,0,-1,-1,-1,0,5,true
2026-05-04T18:44:32.870553+00:00,type2_v25_c100_t4,type2,greedy,0,dp_query,ok,25,100,14,14,4,692,0.108000,0.124000,0.728000,0.913000,1.149000,2.914000,23.460050,99,0,0,true,80,0,2401000,0,taskset -c 0 nice -n 19 ./sat_solver data/type2/type2_v25_c100_t4.cnf greedy --json-with-queries,,,0.000035,0.000035,0.000030,,0.000040,0.000035,,,,0,-1,-1,-1,0,5,true
2026-05-04T18:44:33.093733+00:00,type2_v25_c100_t4_ordered,type2,greedy,0,dp_query,ok,25,100,184,184,4,5521,0.111000,0.107000,9.108000,10.151000,21.051000,40.418000,221.857196,100,41896,41896,true,2692,2128,5450816000,0,taskset -c 8 nice -n 19 ./sat_solver data/type2/type2_v25_c100_t4_ordered.cnf greedy --json-with-queries,,,0.024766,0.024545,0.024466,0.027541,0.202083,0.841917,0.002345,32.174230,41896,1,0,1,0,41896,5,false
2026-05-04T18:44:33.537250+00:00,type2_v50_c200_t3,type2,greedy,0,dp_query,ok,50,200,384,384,64,11451,0.124000,0.350000,19.976000,128.655000,272.286000,421.267000,442.342392,195,0,0,true,456,0,99090432000,0,taskset -c 16 nice -n 19 ./sat_solver data/type2/type2_v50_c200_t3.cnf greedy --json-with-queries,,,0.000030,0.000035,0.000035,,0.000040,0.000040,,,,0,-1,-1,-1,0,5,true
2026-05-04T18:44:33.613777+00:00,type2_v50_c200_t3_ordered,type2,greedy,0,dp_query,ok,50,176,256,256,3,4992,0.116000,0.256000,14.860000,12.728000,33.839000,61.683000,75.278192,172,0,0,true,244,0,26541555712,0,taskset -c 24 nice -n 19 ./sat_solver data/type2/type2_v50_c200_t3_ordered.cnf greedy --json-with-queries,,,0.000030,0.000030,0.000035,,0.000030,0.000035,,,,0,-1,-1,-1,0,5,true
2026-05-04T18:44:33.857276+00:00,type2_v50_c200_t4,type2,greedy,0,dp_query,ok,50,180,147,147,32,6720,0.128000,0.308000,17.618000,61.184000,134.322000,213.431000,242.136089,180,11041505280,11041505280,true,6156,1741,5114202030,0,taskset -c 0 nice -n 19 ./sat_solver data/type2/type2_v50_c200_t4.cnf greedy --json-with-queries,,,0.021450,0.021070,0.021205,0.024786,0.070861,0.878468,0.005600,,,1,0,1,0,11041505280,5,true
2026-05-04T18:44:34.164653+00:00,type2_v50_c200_t4_ordered,type2,greedy,0,dp_query,ok,50,200,456,456,4,12615,0.133000,0.302000,38.371000,45.215000,111.513000,195.400000,306.016491,200,16290859008,16290859008,true,14604,12615,165932928000,0,taskset -c 8 nice -n 19 ./sat_solver data/type2/type2_v50_c200_t4_ordered.cnf greedy --json-with-queries,,,0.237724,0.221264,0.274954,0.230969,3.657760,11.960108,0.005810,,,1,0,1,0,16290859008,5,true
2026-05-04T18:44:34.509322+00:00,type2_v100_c400_t3,type2,greedy,0,dp_query,ok,100,332,128,128,24,8014,0.167000,0.886000,22.597000,97.163000,204.570000,325.217000,343.466509,324,0,0,true,283,0,6341787648,0,taskset -c 16 nice -n 19 ./sat_solver data/type2/type2_v100_c400_t3.cnf greedy --json-with-queries,,,0.000030,0.000035,0.000030,,0.000040,0.000035,,,,0,-1,-1,-1,0,5,true
2026-05-04T18:44:34.875078+00:00,type2_v100_c400_t3_ordered,type2,greedy,0,dp_query,ok,100,400,240,240,3,12596,0.180000,0.937000,78.282000,70.462000,184.989000,334.669000,360.994130,391,0,0,true,323,0,48384000000,0,taskset -c 24 nice -n 19 ./sat_solver data/type2/type2_v100_c400_t3_ordered.cnf greedy --json-with-queries,,,0.000030,0.000035,0.000040,,0.000035,0.000040,,,,0,-1,-1,-1,0,5,true
2026-05-04T18:44:35.208735+00:00,type2_v100_c400_t4,type2,greedy,0,dp_query,ok,100,400,140,140,12,7531,0.200000,1.099000,54.468000,72.625000,167.601000,295.793000,335.898856,400,overflow,overflow,true,12098,5995,9604000000,0,taskset -c 0 nice -n 19 ./sat_solver data/type2/type2_v100_c400_t4.cnf greedy --json-with-queries,,,0.078996,0.076236,0.076342,0.085746,1.221323,0.000110,0.011760,,,1,-2,1,-3,overflow,5,true
2026-05-04T18:44:35.460863+00:00,type1_v80_c100_ordered,type1,greedy,0,dp_query,ok,80,99,532,532,240,12661,0.167000,0.226000,12.757000,208.263000,733.214000,954.460000,4144.677163,99,overflow,overflow,true,963580,971476,188662666304,0,taskset -c 24 nice -n 19 ./sat_solver data/type1/type1_v80_c100_ordered.cnf greedy --json-with-queries,,,70.418059,71.569937,71.102020,79.435419,252.702026,0.000265,0.005935,,,1,-2,1,-3,overflow,5,true
2026-05-04T18:44:35.611958+00:00,type2_v100_c400_t4_ordered,type2,greedy,0,dp_query,ok,100,400,184,184,4,13426,0.196000,0.945000,97.354000,72.817000,194.669000,365.785000,400.521750,400,74649816583372800,74649816583372800,true,5069,2589,21803264000,0,taskset -c 8 nice -n 19 ./sat_solver data/type2/type2_v100_c400_t4_ordered.cnf greedy --json-with-queries,,,0.030185,0.030751,0.029625,0.036970,0.270189,0.000105,0.012035,,,1,-2,1,-3,74649816583372800,5,true
2026-05-04T18:44:35.754033+00:00,type3_n30_t3_s2,type3,greedy,0,dp_query,ok,30,60,8,8,6,391,0.089000,0.086000,0.318000,0.857000,1.142000,2.402000,139.384007,60,32768,32768,true,1391,1338,322560,0,taskset -c 24 nice -n 19 ./sat_solver data/type3/type3_n30_t3_s2.cnf greedy --json-with-queries,,,0.012970,0.013110,0.013175,0.014370,0.150372,0.598599,0.001985,21.988888,32768,1,0,1,0,32768,5,false
2026-05-04T18:44:35.975570+00:00,type2_v200_c800_t3_ordered,type2,greedy,0,dp_query,ok,200,800,256,256,3,17923,0.314000,3.338000,119.042000,107.007000,257.578000,486.965000,513.268230,780,0,0,true,619,0,117440512000,0,taskset -c 16 nice -n 19 ./sat_solver data/type2/type2_v200_c800_t3_ordered.cnf greedy --json-with-queries,,,0.000040,0.000040,0.000040,,0.000035,0.000040,,,,0,-1,-1,-1,0,5,true
2026-05-04T18:44:36.014493+00:00,type3_n30_t3_s2_ordered,type3,greedy,0,dp_query,ok,30,60,6,6,3,333,0.085000,0.070000,0.307000,0.612000,0.689000,1.678000,256.640605,60,32768,32768,true,930,919,136080,0,taskset -c 0 nice -n 19 ./sat_solver data/type3/type3_n30_t3_s2_ordered.cnf greedy --json-with-queries,,,0.008735,0.008610,0.008525,0.009630,0.076591,0.304129,0.001990,46.281175,32768,1,0,1,0,32768,5,false
2026-05-04T18:44:36.026809+00:00,type3_n60_t3_s2,type3,greedy,0,dp_query,ok,60,120,6,6,6,739,0.104000,0.250000,1.024000,1.762000,13.284000,16.321000,47.512618,120,1073741824,1073741824,true,2358,2357,272160,0,taskset -c 8 nice -n 19 ./sat_solver data/type3/type3_n60_t3_s2.cnf greedy --json-with-queries,,,0.025066,0.023205,0.023035,0.026166,0.287999,2.672649,0.004670,,,1,0,1,0,1073741824,5,true
2026-05-04T18:44:36.035570+00:00,type3_n60_t3_s2_ordered,type3,greedy,0,dp_query,ok,60,120,6,6,3,678,0.100000,0.194000,0.994000,1.576000,2.393000,5.157000,26.338783,120,1073741824,1073741824,true,1920,1909,272160,0,taskset -c 16 nice -n 19 ./sat_solver data/type3/type3_n60_t3_s2_ordered.cnf greedy --json-with-queries,,,0.018345,0.017995,0.018006,0.020810,0.154723,0.649415,0.004730,,,1,0,1,0,1073741824,5,true
2026-05-04T18:44:36.069555+00:00,type3_n100_t3_s2,type3,greedy,0,dp_query,ok,100,200,8,8,6,1352,0.126000,0.533000,5.053000,5.615000,11.129000,22.329000,44.164628,200,1125899906842624,1125899906842624,true,4849,4832,1075200,0,taskset -c 24 nice -n 19 ./sat_solver data/type3/type3_n100_t3_s2.cnf greedy --json-with-queries,,,0.049906,0.049631,0.049646,0.054336,0.627505,0.000115,0.008561,,,1,-2,1,-3,1125899906842624,5,true
2026-05-04T18:44:36.089753+00:00,type3_n100_t3_s2_ordered,type3,greedy,0,dp_query,ok,100,200,6,6,3,1138,0.125000,0.438000,8.491000,3.048000,13.324000,25.300000,53.264423,200,1125899906842624,1125899906842624,true,3240,3229,453600,0,taskset -c 0 nice -n 19 ./sat_solver data/type3/type3_n100_t3_s2_ordered.cnf greedy --json-with-queries,,,0.031990,0.030510,0.032376,0.035370,0.260539,0.000080,0.008050,,,1,-2,1,-3,1125899906842624,5,true
2026-05-04T18:44:36.159779+00:00,type3_n200_t3_s2_ordered,type3,greedy,0,dp_query,ok,200,400,6,6,3,2288,0.191000,1.407000,8.991000,11.172000,23.667000,45.238000,66.562132,400,overflow,overflow,true,6540,6529,907200,0,taskset -c 16 nice -n 19 ./sat_solver data/type3/type3_n200_t3_s2_ordered.cnf greedy --json-with-queries,,,0.064736,0.062496,0.064380,0.075296,0.564083,0.000095,0.017066,,,1,-2,1,-3,overflow,5,true
2026-05-04T18:44:36.256208+00:00,type3_n200_t3_s2,type3,greedy,0,dp_query,ok,200,400,8,8,6,2669,0.201000,1.690000,16.132000,36.431000,82.365000,136.618000,185.321072,400,overflow,overflow,true,9393,9397,2150400,0,taskset -c 8 nice -n 19 ./sat_solver data/type3/type3_n200_t3_s2.cnf greedy --json-with-queries,,,0.121797,0.117711,0.147118,0.123382,1.395871,0.000140,0.017910,,,1,-2,1,-3,overflow,5,true
2026-05-04T18:44:38.017830+00:00,type3_n1000_t3_s2,type3,greedy,0,dp_query,ok,1000,2000,8,8,6,13657,1.076000,34.954000,207.289000,503.476000,1007.409000,1753.128000,1856.685113,2000,overflow,overflow,true,49405,49808,10752000,0,taskset -c 24 nice -n 19 ./sat_solver data/type3/type3_n1000_t3_s2.cnf greedy --json-with-queries,,,0.924364,0.911594,0.937254,1.047630,7.391210,0.000175,0.123777,,,1,-2,1,-3,overflow,5,true
2026-05-04T18:44:38.798756+00:00,type3_n60_t5_s3,type3,greedy,0,dp_query,ok,60,320,64,64,12,12216,0.183000,0.679000,69.170000,99.382000,253.945000,423.176000,782.518013,320,1099511627776,1099511627776,true,44343,26542,697303040,0,taskset -c 8 nice -n 19 ./sat_solver data/type3/type3_n60_t5_s3.cnf greedy --json-with-queries,,,0.562558,0.550984,0.556798,0.578849,12.487721,45.584644,0.007940,,,1,0,1,0,1099511627776,5,true
2026-05-04T18:44:38.972479+00:00,type3_n60_t5_s3_ordered,type3,greedy,0,dp_query,ok,60,320,60,60,3,11884,0.178000,0.497000,24.135000,19.687000,58.856000,103.174000,172.254488,320,1099511627776,1099511627776,true,20604,15765,574560000,0,taskset -c 16 nice -n 19 ./sat_solver data/type3/type3_n60_t5_s3_ordered.cnf greedy --json-with-queries,,,0.280844,0.276049,0.275454,0.278959,1.918449,6.143217,0.008826,,,1,0,1,0,1099511627776,5,true
2026-05-04T18:44:39.694167+00:00,type3_n90_t5_s3,type3,greedy,0,dp_query,ok,90,480,64,64,12,19050,0.244000,1.325000,70.714000,155.028000,373.953000,601.019000,720.421308,480,1152921504606846976,1152921504606846976,true,90576,51815,1045954560,0,taskset -c 24 nice -n 19 ./sat_solver data/type3/type3_n90_t5_s3.cnf greedy --json-with-queries,,,1.090081,1.101006,1.089182,1.164682,11.187846,0.000140,0.012376,,,1,-2,1,-3,1152921504606846976,5,true
2026-05-04T18:44:40.560505+00:00,type3_n90_t5_s3_ordered,type3,greedy,0,dp_query,ok,90,480,60,60,3,18224,0.232000,1.025000,161.439000,149.976000,430.128000,742.568000,865.065344,480,1152921504606846976,1152921504606846976,true,31664,24245,861840000,0,taskset -c 0 nice -n 19 ./sat_solver data/type3/type3_n90_t5_s3_ordered.cnf greedy --json-with-queries,,,0.463537,0.472692,0.448522,0.461072,9.982488,0.000080,0.012340,,,1,-2,1,-3,1152921504606846976,5,true
2026-05-04T18:44:42.683199+00:00,type3_n120_t5_s3,type3,greedy,0,dp_query,ok,120,640,64,64,12,25568,0.217000,1.380000,225.014000,457.134000,1195.310000,1878.837000,2119.225827,640,overflow,overflow,true,112400,66287,1394606080,0,taskset -c 8 nice -n 19 ./sat_solver data/type3/type3_n120_t5_s3.cnf greedy --json-with-queries,,,1.582368,3.620364,1.551804,1.630034,23.067724,0.000080,0.014800,,,1,-2,1,-3,overflow,5,true
2026-05-04T18:44:43.146810+00:00,type3_n120_t5_s3_ordered,type3,greedy,0,dp_query,ok,120,640,60,60,3,24564,0.217000,1.011000,77.597000,77.162000,244.777000,400.547000,460.964851,640,overflow,overflow,true,42724,32725,1149120000,0,taskset -c 16 nice -n 19 ./sat_solver data/type3/type3_n120_t5_s3_ordered.cnf greedy --json-with-queries,,,0.625294,0.629139,0.630154,0.650600,3.994969,0.000135,0.016770,,,1,-2,1,-3,overflow,5,true
2026-05-04T18:44:44.666216+00:00,type3_n150_t5_s3,type3,greedy,0,dp_query,ok,150,800,60,60,12,31812,0.385000,3.271000,191.008000,327.970000,826.312000,1348.561000,1520.785277,800,overflow,overflow,true,113420,72978,1436400000,0,taskset -c 24 nice -n 19 ./sat_solver data/type3/type3_n150_t5_s3.cnf greedy --json-with-queries,,,1.649665,1.649364,1.632074,1.688565,17.538341,0.000175,0.021955,,,1,-2,1,-3,overflow,5,true
2026-05-04T18:44:46.710242+00:00,type3_n150_t5_s3_ordered,type3,greedy,0,dp_query,ok,150,800,60,60,3,30904,0.231000,1.614000,366.622000,345.781000,1123.832000,1837.849000,2042.670147,800,overflow,overflow,true,53784,41205,1436400000,0,taskset -c 0 nice -n 19 ./sat_solver data/type3/type3_n150_t5_s3_ordered.cnf greedy --json-with-queries,,,0.863728,0.873068,4.991030,0.826977,13.145826,0.000095,0.021826,,,1,-2,1,-3,overflow,5,true
2026-05-04T18:44:46.736456+00:00,random_k3_v7_c50,random,greedy,0,dp_query,ok,7,50,60,60,16,1568,0.077000,0.043000,0.956000,1.317000,6.146000,8.461000,24.031538,47,0,0,true,581,0,86184000,0,taskset -c 8 nice -n 19 ./sat_solver data/random/random_k3_v7_c50.cnf greedy --json-with-queries,,,0.000035,0.000030,0.000030,,0.000030,0.000030,,,,0,-1,-1,-1,0,5,true
2026-05-04T18:44:46.757016+00:00,random_k3_v8_c20,random,greedy,0,dp_query,ok,8,20,32,28,32,307,0.071000,0.020000,0.121000,0.684000,0.764000,1.589000,20.369123,20,23,23,true,1538,579,6422528,0,taskset -c 16 nice -n 19 ./sat_solver data/random/random_k3_v8_c20.cnf greedy --json-with-queries,,,0.005860,0.005810,0.005815,0.006045,0.040511,0.296689,0.000565,0.007590,23,1,0,1,0,23,5,false
2026-05-04T18:44:46.781155+00:00,random_k3_v8_c50,random,greedy,0,dp_query,ok,8,50,113,113,16,2211,0.076000,0.046000,1.217000,2.481000,4.076000,7.820000,22.971652,49,0,0,true,1102,0,585816182,0,taskset -c 24 nice -n 19 ./sat_solver data/random/random_k3_v8_c50.cnf greedy --json-with-queries,,,0.000035,0.000035,0.000030,,0.000030,0.000035,,,,0,-1,-1,-1,0,5,true
2026-05-04T18:44:46.846957+00:00,random_k3_v9_c50,random,greedy,0,dp_query,ok,9,50,128,128,32,2653,0.074000,0.046000,1.463000,22.294000,15.356000,39.158000,64.617153,50,1,1,true,2635,74,866123776,0,taskset -c 0 nice -n 19 ./sat_solver data/random/random_k3_v9_c50.cnf greedy --json-with-queries,,,0.001455,0.001460,0.001440,0.001930,0.006625,0.327075,0.000755,0.000590,1,1,0,1,0,1,5,false
2026-05-04T18:44:46.913536+00:00,random_k3_v10_c50,random,greedy,0,dp_query,ok,10,50,294,294,24,5011,0.079000,0.046000,2.786000,13.416000,22.748000,38.996000,61.142261,50,2,2,true,5197,142,10673117280,0,taskset -c 8 nice -n 19 ./sat_solver data/random/random_k3_v10_c50.cnf greedy --json-with-queries,,,0.002775,0.002750,0.002745,0.003450,0.012691,0.661660,0.000710,0.001355,2,1,0,1,0,2,5,false
2026-05-04T18:44:46.963189+00:00,random_k3_v11_c50,random,greedy,0,dp_query,ok,11,50,466,466,32,5976,0.077000,0.049000,3.452000,10.945000,20.391000,34.837000,51.250764,48,0,0,true,2426,0,43210135192,0,taskset -c 16 nice -n 19 ./sat_solver data/random/random_k3_v11_c50.cnf greedy --json-with-queries,,,0.000035,0.000030,0.000030,,0.000030,0.000040,,,,0,-1,-1,-1,0,5,true
2026-05-04T18:44:47.019191+00:00,random_k3_v12_c50,random,greedy,0,dp_query,ok,12,50,415,415,64,5548,0.076000,0.049000,2.970000,11.056000,20.730000,34.805000,54.839117,50,12,12,true,4738,620,31019444750,0,taskset -c 24 nice -n 19 ./sat_solver data/random/random_k3_v12_c50.cnf greedy --json-with-queries,,,0.008626,0.008580,0.008601,0.009566,0.033651,0.632519,0.000995,0.010735,12,1,0,1,0,12,5,false
2026-05-04T18:44:48.232909+00:00,random_k3_v15_c64_difficile,random,greedy,0,dp_query,ok,15,64,1204,1204,256,18467,0.080000,0.066000,31.642000,372.278000,734.420000,1138.406000,1212.034216,64,5,5,true,18004,401,965171728192,0,taskset -c 0 nice -n 19 ./sat_solver data/random/random_k3_v15_c64_difficile.cnf greedy --json-with-queries,,,0.008160,0.008115,0.008105,0.009155,0.032531,7.268274,0.001400,0.006245,5,1,0,1,0,5,5,false
2026-05-04T18:44:56.170504+00:00,type1_v150_c180_ordered,type1,greedy,0,dp_query,ok,150,179,1800,110,1800,72523,0.293000,0.634000,35.563000,4263.318000,20428.071000,24727.586000,24768.790104,177,0,0,true,553,0,13431096000000,0,taskset -c 0 nice -n 19 ./sat_solver data/type1/type1_v150_c180_ordered.cnf greedy --json-with-queries,,,0.000035,0.000035,0.000040,,0.000030,0.000030,,,,0,-1,-1,-1,0,5,true
2026-05-04T18:44:56.534335+00:00,tseytin_3x3,tseytin,greedy,0,dp_query,ok,36,105,144,144,128,6824,0.096000,0.137000,6.231000,115.196000,224.453000,346.018000,366.462973,105,2,2,true,4139,360,2947166208,0,taskset -c 16 nice -n 19 ./sat_solver data/tseytin/3x3.dimacs greedy --json-with-queries,,,0.006095,0.006050,0.006055,0.008080,0.035086,0.609929,0.003200,0.006120,2,1,0,1,0,2,5,false
2026-05-04T18:44:56.873347+00:00,tseytin_pure_3x3,tseytin,greedy,0,dp_query,ok,36,99,144,144,128,5945,0.092000,0.127000,5.106000,99.650000,194.806000,299.688000,337.809346,99,64,64,true,17389,5656,2821754880,0,taskset -c 24 nice -n 19 ./sat_solver data/tseytin/pure_3x3.dimacs greedy --json-with-queries,,,0.094371,0.092416,0.093116,0.093976,0.523098,3.286564,0.003200,0.148567,64,1,0,1,0,64,5,false
2026-05-04T18:45:06.986537+00:00,random_k3_v20_c85_difficile,random,greedy,0,dp_query,ok,20,85,16400,16400,1152,348536,0.091000,0.098000,604.747000,5908.247000,11895.855000,18408.948000,18751.900288,85,47,47,true,165695,3391,3242043840000000,0,taskset -c 8 nice -n 19 ./sat_solver data/random/random_k3_v20_c85_difficile.cnf greedy --json-with-queries,,,0.092327,0.092127,0.097332,0.096016,0.239194,42.064777,0.001925,0.071251,47,1,0,1,0,47,5,false
2026-05-04T18:46:05.456020+00:00,type3_n5000_t3_s2,type3,greedy,0,dp_query,ok,5000,10000,8,8,6,68336,29.395000,2385.900000,10848.049000,23918.296000,49923.680000,87075.926000,89198.762422,10000,overflow,overflow,true,247433,249782,53760000,0,taskset -c 0 nice -n 19 ./sat_solver data/type3/type3_n5000_t3_s2.cnf greedy --json-with-queries,,,22.056134,14.554147,15.121475,15.823721,105.101388,0.000365,0.927709,,,1,-2,1,-3,overflow,5,true
2026-05-04T18:49:40.515355+00:00,tseytin_4x4,tseytin,greedy,0,dp_query,ok,72,220,8192,7168,8192,224486,0.124000,0.403000,617.718000,114474.754000,168468.397000,283561.272000,283640.672918,220,2,2,true,116732,834,1123700883587072,0,taskset -c 0 nice -n 19 ./sat_solver data/tseytin/4x4.dimacs greedy --json-with-queries,,,0.038101,0.038111,0.037731,0.042146,0.152832,0.000080,0.007715,0.015085,2,1,-2,1,-3,2,5,false
2026-05-04T18:52:26.736691+00:00,tseytin_pure_4x4,tseytin,greedy,0,dp_query,ok,72,212,8192,7168,8192,218709,0.112000,0.397000,564.708000,142874.066000,295902.536000,439341.706000,439748.843328,212,256,256,true,799835,58406,1092914558009344,0,taskset -c 8 nice -n 19 ./sat_solver data/tseytin/pure_4x4.dimacs greedy --json-with-queries,,,5.290534,3.758406,3.773616,5.931053,14.054499,0.000175,0.007331,4.748706,256,1,-2,1,-3,256,5,false
2026-05-04T18:54:31.985448+00:00,type1_v200_c250,type1,greedy,0,dp_query,timeout,,,,,,,,,,,,,600262.231746,,,,,,,,,taskset -c 8 nice -n 19 ./sat_solver data/type1/type1_v200_c250.cnf greedy --json-with-queries,timeout after 600s,,,,,,,,,,,,,,,,,
